split,flight,date,start,horizon,tag,model_pos_at,model_vel_at,model_vel_dir_at,raw_pos_at,raw_vel_at,raw_vel_dir_at,model_pos_peak,model_vel_peak,model_vel_dir_peak,raw_pos_peak,raw_vel_peak,raw_vel_dir_peak
eval,2025_11_17_141_12_sensor_data.csv,2025_11_17,12000,3000,30s,117.04737091064453,9.409982681274414,14.262860298156738,126.3968734741211,9.903863906860352,14.7522611618042,117.04737091064453,9.409982681274414,14.563682556152344,126.3968734741211,9.903863906860352,14.754996299743652
eval,2025_11_17_141_12_sensor_data.csv,2025_11_17,12000,6000,60s,544.2843017578125,23.09258270263672,83.22660827636719,580.6046142578125,24.86155128479004,89.09188842773438,544.2843017578125,23.09258270263672,83.22660827636719,580.6046142578125,24.86155128479004,89.09188842773438
eval,2025_11_17_141_12_sensor_data.csv,2025_11_17,12000,12000,120s,3138.78759765625,56.63962173461914,93.24236297607422,3212.197265625,57.23698425292969,94.1858901977539,3138.78759765625,56.665863037109375,155.14869689941406,3212.197265625,57.26358413696289,160.47242736816406
eval,2025_11_17_141_12_sensor_data.csv,2025_11_17,24000,3000,30s,176.90557861328125,12.507185935974121,27.302757263183594,178.08474731445312,12.284042358398438,26.302461624145508,176.90557861328125,12.523792266845703,28.048303604125977,178.08474731445312,12.300832748413086,27.175397872924805
eval,2025_11_17_141_12_sensor_data.csv,2025_11_17,24000,6000,60s,539.5991821289062,13.742841720581055,25.881160736083984,525.943115234375,13.184754371643066,23.144559860229492,539.5991821289062,13.743356704711914,28.048303604125977,525.943115234375,13.186071395874023,27.175397872924805
eval,2025_11_17_141_12_sensor_data.csv,2025_11_17,24000,12000,120s,1161.247314453125,32.42598342895508,103.66923522949219,1173.3466796875,34.51615524291992,100.86620330810547,1161.247314453125,32.93741989135742,103.66923522949219,1173.3466796875,35.13933563232422,100.86620330810547
eval,2025_11_17_141_12_sensor_data.csv,2025_11_17,36000,3000,30s,53.24753189086914,6.9544525146484375,8.1275053024292,61.79628372192383,7.945324420928955,7.892522811889648,53.24753189086914,6.9544525146484375,8.144830703735352,61.79628372192383,7.945324420928955,8.311227798461914
eval,2025_11_17_141_12_sensor_data.csv,2025_11_17,36000,6000,60s,593.3455200195312,31.996829986572266,63.62744140625,649.9606323242188,34.01256561279297,64.70133209228516,593.3455200195312,31.996829986572266,95.37322235107422,649.9606323242188,34.01256561279297,102.66292572021484
eval,2025_11_17_141_12_sensor_data.csv,2025_11_17,36000,12000,120s,5178.447265625,133.1869354248047,122.93301391601562,5434.873046875,137.8727264404297,123.05227661132812,5178.447265625,133.1869354248047,124.19695281982422,5434.873046875,137.8727264404297,124.2788314819336
eval,2025_11_17_141_12_sensor_data.csv,2025_11_17,48000,3000,30s,17.103309631347656,1.032983422279358,3.003743886947632,18.222082138061523,0.9218131303787231,1.2739537954330444,17.103309631347656,1.0542961359024048,3.089271306991577,18.222082138061523,0.9842977523803711,1.4090327024459839
eval,2025_11_17_141_12_sensor_data.csv,2025_11_17,48000,6000,60s,62.927406311035156,2.616013288497925,4.151430130004883,36.8653564453125,0.4626573622226715,1.0469845533370972,62.927406311035156,2.6176581382751465,4.272647380828857,36.91624069213867,0.9842977523803711,1.6802786588668823
eval,2025_11_17_141_12_sensor_data.csv,2025_11_17,48000,12000,120s,572.191650390625,19.65926742553711,41.3615837097168,499.01971435546875,20.439199447631836,45.80504608154297,572.191650390625,19.65926742553711,42.31965255737305,499.01971435546875,20.439199447631836,45.80682373046875
eval,2025_11_17_141_12_sensor_data.csv,2025_11_17,60000,3000,30s,110.79583740234375,10.11042594909668,16.862062454223633,132.6328125,11.664599418640137,19.45808219909668,110.79583740234375,10.11128044128418,16.86399269104004,132.6328125,11.664599418640137,19.45808219909668
eval,2025_11_17_141_12_sensor_data.csv,2025_11_17,60000,6000,60s,886.8611450195312,46.45879364013672,42.95380401611328,964.3591918945312,49.145870208740234,41.28379821777344,886.8611450195312,46.45879364013672,42.95380401611328,964.3591918945312,49.145870208740234,42.904144287109375
eval,2025_11_17_141_12_sensor_data.csv,2025_11_17,60000,12000,120s,4797.0224609375,69.79571533203125,76.9525146484375,4971.4365234375,70.65998077392578,75.08878326416016,4797.0224609375,72.1727523803711,128.6099090576172,4971.4365234375,73.33729553222656,125.0703125
eval,2025_11_17_141_12_sensor_data.csv,2025_11_17,72000,3000,30s,69.90444946289062,9.365607261657715,17.73589324951172,71.2244644165039,10.524858474731445,17.705608367919922,69.90444946289062,9.365607261657715,17.73589324951172,71.2244644165039,10.524858474731445,17.705608367919922
eval,2025_11_17_141_12_sensor_data.csv,2025_11_17,72000,6000,60s,394.97412109375,7.241681098937988,5.820125102996826,454.4517517089844,8.623740196228027,7.1822028160095215,394.97412109375,14.844000816345215,27.19795036315918,454.4517517089844,17.04200553894043,31.79320526123047
eval,2025_11_17_141_12_sensor_data.csv,2025_11_17,72000,12000,120s,704.4181518554688,12.524185180664062,7.934987545013428,856.24462890625,11.987908363342285,13.59178638458252,704.4181518554688,14.844000816345215,27.19795036315918,856.24462890625,17.04200553894043,31.79320526123047
eval,2025_11_25_135_4_sensor_data.csv,2025_11_25,12000,3000,30s,30.49838638305664,3.4720406532287598,4.193018436431885,34.28951644897461,3.585691452026367,6.506984233856201,30.49838638305664,3.4748456478118896,4.209102153778076,34.28951644897461,3.5887629985809326,6.517914295196533
eval,2025_11_25_135_4_sensor_data.csv,2025_11_25,12000,6000,60s,282.8018798828125,14.72004508972168,13.845549583435059,294.4910888671875,15.114274978637695,18.79439353942871,282.8018798828125,14.720046997070312,15.88632869720459,294.4910888671875,15.116500854492188,20.354162216186523
eval,2025_11_25_135_4_sensor_data.csv,2025_11_25,12000,12000,120s,2001.2291259765625,39.39976501464844,87.40493774414062,2080.112548828125,40.4620475769043,81.9497299194336,2001.2291259765625,39.39976501464844,170.5222930908203,2080.112548828125,40.4620475769043,158.4073944091797
eval,2025_11_25_135_4_sensor_data.csv,2025_11_25,24000,3000,30s,33.77152633666992,3.2686047554016113,6.877089023590088,32.89570999145508,3.2438230514526367,9.42431354522705,33.77152633666992,3.2686047554016113,6.8852128982543945,32.89570999145508,3.2438230514526367,9.434131622314453
eval,2025_11_25_135_4_sensor_data.csv,2025_11_25,24000,6000,60s,261.75299072265625,13.32304859161377,22.033348083496094,259.89599609375,13.266031265258789,27.613271713256836,261.75299072265625,13.32304859161377,22.033348083496094,259.89599609375,13.266031265258789,27.613271713256836
eval,2025_11_25_135_4_sensor_data.csv,2025_11_25,24000,12000,120s,2186.93701171875,54.4124641418457,48.947425842285156,2188.066650390625,54.4898796081543,45.12076950073242,2186.93701171875,54.4124641418457,172.93231201171875,2188.066650390625,54.4898796081543,176.95909118652344
eval,2025_11_25_135_4_sensor_data.csv,2025_11_25,36000,3000,30s,81.07794952392578,7.462296009063721,5.433072090148926,86.84908294677734,7.499757289886475,7.680098533630371,81.07794952392578,7.462296009063721,5.433072090148926,86.84908294677734,7.499757289886475,7.680098533630371
eval,2025_11_25_135_4_sensor_data.csv,2025_11_25,36000,6000,60s,559.5242919921875,26.486404418945312,19.107450485229492,565.2411499023438,26.37744903564453,22.675899505615234,559.5242919921875,26.486404418945312,19.107450485229492,565.2411499023438,26.37744903564453,22.675899505615234
eval,2025_11_25_135_4_sensor_data.csv,2025_11_25,36000,12000,120s,3631.301025390625,72.08611297607422,122.83843994140625,3645.120361328125,72.17062377929688,118.29930114746094,3631.301025390625,72.08782958984375,175.65232849121094,3645.120361328125,72.17236328125,177.5592041015625
eval,2025_11_25_135_4_sensor_data.csv,2025_11_25,48000,3000,30s,13.8046875,0.9466050863265991,1.6059595346450806,12.673312187194824,0.8467446565628052,0.6258883476257324,13.8046875,0.9766942858695984,1.7249900102615356,12.673312187194824,0.8523254990577698,1.2951289415359497
eval,2025_11_25_135_4_sensor_data.csv,2025_11_25,48000,6000,60s,61.038631439208984,2.4135751724243164,2.697910785675049,42.98112487792969,0.9406669735908508,0.3876538872718811,61.038631439208984,2.4156410694122314,2.717501640319824,42.98112487792969,1.1319769620895386,1.2951289415359497
eval,2025_11_25_135_4_sensor_data.csv,2025_11_25,48000,12000,120s,390.9425354003906,9.536133766174316,24.521310806274414,80.90266418457031,4.551382064819336,8.635721206665039,390.9425354003906,9.540392875671387,24.521310806274414,80.90266418457031,4.555875778198242,8.635721206665039
eval,2025_11_25_137_5_sensor_data.csv,2025_11_25,12000,3000,30s,15.9512939453125,0.7321488857269287,0.8804895281791687,26.59449577331543,1.5840541124343872,1.4519872665405273,15.9512939453125,0.8279306888580322,0.8804895281791687,26.59449577331543,1.5928070545196533,1.588438630104065
eval,2025_11_25_137_5_sensor_data.csv,2025_11_25,12000,6000,60s,50.34879684448242,1.981040120124817,2.1789743900299072,101.14744567871094,3.740293502807617,8.846821784973145,50.34879684448242,1.9845349788665771,2.1789743900299072,101.14744567871094,3.753953218460083,8.850618362426758
eval,2025_11_25_137_5_sensor_data.csv,2025_11_25,12000,12000,120s,298.7018127441406,7.269493103027344,4.2360029220581055,522.9772338867188,9.033529281616211,2.522200107574463,298.7018127441406,7.269493103027344,7.0131072998046875,522.9772338867188,9.03589916229248,18.417625427246094
eval,2025_11_25_137_5_sensor_data.csv,2025_11_25,24000,3000,30s,11.238241195678711,0.6808253526687622,2.42737078666687,23.26659393310547,1.7176533937454224,1.7213557958602905,11.238241195678711,0.7519000768661499,2.655128002166748,23.26659393310547,1.7352005243301392,2.2147884368896484
eval,2025_11_25_137_5_sensor_data.csv,2025_11_25,24000,6000,60s,38.33943176269531,1.2568116188049316,3.8530545234680176,99.07156372070312,3.584961175918579,2.3190841674804688,38.33943176269531,1.2568116188049316,4.360849380493164,99.07156372070312,3.6014437675476074,5.240823745727539
eval,2025_11_25_137_5_sensor_data.csv,2025_11_25,24000,12000,120s,168.49118041992188,5.771286964416504,2.548295259475708,497.79888916015625,10.778728485107422,2.6186060905456543,168.49118041992188,5.777904987335205,8.430234909057617,497.79888916015625,10.782255172729492,18.93690299987793
eval,2025_11_25_137_5_sensor_data.csv,2025_11_25,36000,3000,30s,15.118520736694336,1.0117881298065186,0.4000738859176636,16.80766487121582,1.041911244392395,1.8638265132904053,15.118520736694336,1.1177371740341187,0.46520188450813293,16.80766487121582,1.0697327852249146,1.9041316509246826
eval,2025_11_25_137_5_sensor_data.csv,2025_11_25,36000,6000,60s,56.04602813720703,1.4683376550674438,3.761922597885132,65.0005111694336,2.3244717121124268,4.484846591949463,56.04602813720703,1.6376101970672607,3.9531452655792236,65.0005111694336,2.33544921875,4.81588888168335
eval,2025_11_25_137_5_sensor_data.csv,2025_11_25,36000,12000,120s,141.25270080566406,1.172094464302063,1.9621411561965942,237.96588134765625,3.7330241203308105,5.613354682922363,141.88316345214844,2.4558029174804688,6.7055158615112305,237.96588134765625,3.772740125656128,10.691814422607422
eval,2026_04_07_153_67_sensor_data.csv,2026_04_07,12000,3000,30s,46.87882614135742,1.3958724737167358,5.339902877807617,65.25709533691406,2.466705083847046,8.399149894714355,46.87882614135742,2.4413609504699707,8.34779167175293,65.25709533691406,3.489866018295288,9.29094123840332
eval,2026_04_07_153_67_sensor_data.csv,2026_04_07,12000,6000,60s,183.15615844726562,8.502978324890137,12.361002922058105,155.03369140625,7.395673751831055,10.534648895263672,183.15615844726562,8.57381534576416,17.084381103515625,155.03369140625,7.473849773406982,14.466233253479004
eval,2026_04_07_153_67_sensor_data.csv,2026_04_07,12000,12000,120s,1176.675048828125,27.032651901245117,29.660179138183594,1081.7315673828125,26.49395751953125,25.050800323486328,1176.675048828125,27.0570068359375,34.521751403808594,1081.7315673828125,26.516401290893555,29.8133602142334
eval,2026_04_07_154_48_sensor_data.csv,2026_04_07,12000,3000,30s,77.69346618652344,4.955877780914307,9.120699882507324,56.82243347167969,3.4819869995117188,7.457273006439209,77.69346618652344,4.955877780914307,9.548391342163086,56.82243347167969,3.4901819229125977,7.526186466217041
eval,2026_04_07_154_48_sensor_data.csv,2026_04_07,12000,6000,60s,290.74212646484375,8.912264823913574,4.972639083862305,191.73789978027344,4.74817419052124,2.3455185890197754,290.74212646484375,8.913883209228516,18.41980743408203,191.73789978027344,5.034850597381592,11.849590301513672
eval,2026_04_07_154_48_sensor_data.csv,2026_04_07,12000,12000,120s,910.2156982421875,14.176663398742676,26.772855758666992,606.5166015625,11.568511962890625,21.02009391784668,910.2156982421875,14.180000305175781,28.969879150390625,606.5166015625,11.571474075317383,21.91105079650879
eval,2026_04_07_154_48_sensor_data.csv,2026_04_07,24000,3000,30s,19.21749496459961,1.647853136062622,0.9358635544776917,12.971414566040039,1.0630992650985718,2.368190050125122,19.21749496459961,1.6609283685684204,0.9634742736816406,12.971414566040039,1.0741164684295654,2.40036940574646
eval,2026_04_07_154_48_sensor_data.csv,2026_04_07,24000,6000,60s,106.06302642822266,4.556097030639648,1.0319243669509888,77.18061065673828,3.183336019515991,9.213155746459961,106.06302642822266,4.576188564300537,9.91706657409668,77.18061065673828,3.208486795425415,9.285185813903809
eval,2026_04_07_154_48_sensor_data.csv,2026_04_07,24000,12000,120s,297.49029541015625,6.755284309387207,13.424057960510254,397.59881591796875,9.16798210144043,12.362982749938965,297.49029541015625,6.755284309387207,15.843416213989258,397.59881591796875,9.16798210144043,16.325286865234375
eval,2026_04_07_154_48_sensor_data.csv,2026_04_07,36000,3000,30s,53.85672378540039,4.4462409019470215,9.84043025970459,65.25763702392578,5.027565002441406,12.873771667480469,53.85672378540039,4.464424133300781,9.877527236938477,65.25763702392578,5.045056343078613,12.89891529083252
eval,2026_04_07_154_48_sensor_data.csv,2026_04_07,36000,6000,60s,326.2284240722656,14.480826377868652,42.094940185546875,353.63604736328125,15.320521354675293,43.59855651855469,326.2284240722656,14.480826377868652,42.19215393066406,353.63604736328125,15.320521354675293,43.93082046508789
eval,2026_04_07_154_48_sensor_data.csv,2026_04_07,36000,12000,120s,1907.038330078125,36.75130081176758,68.39923095703125,1973.5577392578125,37.00295639038086,67.74903869628906,1907.038330078125,36.75468444824219,73.60424041748047,1973.5577392578125,37.006591796875,72.94606018066406
eval,2026_04_07_154_48_sensor_data.csv,2026_04_07,48000,3000,30s,27.009204864501953,2.6245620250701904,5.695605278015137,33.894405364990234,2.9663121700286865,6.562588691711426,27.009204864501953,2.6245620250701904,5.695605278015137,33.894405364990234,2.968258857727051,6.562588691711426
eval,2026_04_07_154_48_sensor_data.csv,2026_04_07,48000,6000,60s,215.28016662597656,9.80457878112793,25.479211807250977,243.0304718017578,10.920845985412598,28.231359481811523,215.28016662597656,9.833921432495117,25.749385833740234,243.0304718017578,10.945198059082031,28.257383346557617
eval,2026_04_07_154_48_sensor_data.csv,2026_04_07,48000,12000,120s,1045.5404052734375,17.165325164794922,29.70828628540039,1095.301025390625,16.810447692871094,24.407699584960938,1045.5404052734375,17.198278427124023,59.861793518066406,1095.301025390625,16.843204498291016,55.57810592651367
eval,2026_04_07_154_48_sensor_data.csv,2026_04_07,60000,3000,30s,20.057050704956055,0.7390333414077759,1.5257240533828735,16.72122573852539,0.5053215622901917,1.2056094408035278,20.057050704956055,1.0232433080673218,2.5833864212036133,16.72122573852539,0.9807648658752441,1.823274850845337
eval,2026_04_07_154_48_sensor_data.csv,2026_04_07,60000,6000,60s,71.45712280273438,5.718573093414307,2.267190456390381,81.64523315429688,6.354409217834473,6.2413330078125,71.45712280273438,5.718573093414307,3.4108784198760986,81.64523315429688,6.354409217834473,6.887491703033447
eval,2026_04_07_154_48_sensor_data.csv,2026_04_07,60000,12000,120s,1227.2435302734375,38.59123229980469,121.52330017089844,1331.613525390625,39.56068420410156,118.67809295654297,1227.2435302734375,38.59123229980469,158.617919921875,1331.613525390625,39.56068420410156,174.63272094726562
eval,2026_04_07_154_48_sensor_data.csv,2026_04_07,72000,3000,30s,56.033973693847656,4.993312835693359,7.940229892730713,66.60208892822266,5.661914825439453,9.285862922668457,56.033973693847656,5.006233215332031,7.972747802734375,66.60208892822266,5.672756671905518,9.319242477416992
eval,2026_04_07_154_48_sensor_data.csv,2026_04_07,72000,6000,60s,341.7313537597656,16.583126068115234,23.342660903930664,369.544189453125,17.36574935913086,26.428272247314453,341.7313537597656,16.583126068115234,23.342660903930664,369.544189453125,17.36574935913086,26.428272247314453
eval,2026_04_07_154_48_sensor_data.csv,2026_04_07,72000,12000,120s,1405.0181884765625,15.1848783493042,59.090782165527344,1373.9256591796875,13.828286170959473,50.011173248291016,1405.0181884765625,20.9409122467041,171.66017150878906,1373.9256591796875,21.361295700073242,174.36598205566406
eval,2026_04_07_156_63_sensor_data.csv,2026_04_07,12000,3000,30s,49.190975189208984,3.4091851711273193,0.8488062024116516,50.354427337646484,3.6887764930725098,0.6431576609611511,49.190975189208984,5.175348281860352,13.59804916381836,50.354427337646484,5.349473476409912,13.784581184387207
eval,2026_04_07_156_63_sensor_data.csv,2026_04_07,12000,6000,60s,272.2226867675781,11.968912124633789,4.1997389793396,278.28515625,12.146842002868652,4.609594821929932,272.2226867675781,11.976933479309082,13.59804916381836,278.28515625,12.158345222473145,13.784581184387207
eval,2026_04_07_156_63_sensor_data.csv,2026_04_07,12000,12000,120s,1453.3585205078125,25.284563064575195,118.5526351928711,1441.193115234375,24.116945266723633,106.74250793457031,1453.3585205078125,26.867416381835938,135.4599609375,1441.193115234375,26.60151481628418,119.07422637939453
eval,2026_04_07_156_63_sensor_data.csv,2026_04_07,24000,3000,30s,12.746912956237793,0.8323022723197937,2.355095386505127,18.388856887817383,1.622977375984192,4.1892805099487305,12.746912956237793,0.866428554058075,2.470292091369629,18.388856887817383,1.623764991760254,4.228784561157227
eval,2026_04_07_156_63_sensor_data.csv,2026_04_07,24000,6000,60s,57.03369903564453,2.697216033935547,3.721101999282837,109.69587707519531,4.643968105316162,8.798928260803223,57.03369903564453,2.776667594909668,5.5826520919799805,109.69587707519531,4.6590094566345215,11.036332130432129
eval,2026_04_07_156_63_sensor_data.csv,2026_04_07,24000,12000,120s,540.1458740234375,14.734942436218262,3.9433748722076416,680.5835571289062,15.913265228271484,5.658803939819336,540.1458740234375,14.755999565124512,25.349781036376953,680.5835571289062,15.938326835632324,28.68971061706543
eval,2026_04_07_156_63_sensor_data.csv,2026_04_07,36000,3000,30s,70.92766571044922,4.955721378326416,11.111631393432617,63.52790451049805,4.3472418785095215,9.696473121643066,70.92766571044922,4.976595878601074,11.30343246459961,63.52790451049805,4.370321750640869,9.909469604492188
eval,2026_04_07_156_63_sensor_data.csv,2026_04_07,36000,6000,60s,345.0784912109375,13.851271629333496,3.4694411754608154,326.16595458984375,13.702933311462402,2.989567995071411,345.0784912109375,13.855822563171387,14.801788330078125,326.16595458984375,13.70772933959961,13.837855339050293
eval,2026_04_07_156_63_sensor_data.csv,2026_04_07,36000,12000,120s,1788.17626953125,35.515968322753906,46.23021697998047,1798.462158203125,36.96823501586914,46.953006744384766,1788.17626953125,35.52284622192383,79.4554443359375,1798.462158203125,36.96823501586914,81.03988647460938
eval,2026_04_07_156_63_sensor_data.csv,2026_04_07,48000,3000,30s,69.63533782958984,4.9797563552856445,5.15670108795166,75.32166290283203,5.434303283691406,7.491062164306641,69.63533782958984,5.089986324310303,5.3282575607299805,75.32166290283203,5.565018177032471,7.837793350219727
eval,2026_04_07_156_63_sensor_data.csv,2026_04_07,48000,6000,60s,325.767578125,12.726962089538574,5.9841227531433105,343.10150146484375,13.386181831359863,7.775440692901611,325.767578125,13.38974380493164,37.89461898803711,343.10150146484375,13.994219779968262,39.698219299316406
eval,2026_04_07_156_63_sensor_data.csv,2026_04_07,48000,12000,120s,1768.9688720703125,36.192237854003906,12.573786735534668,1809.4676513671875,36.8111572265625,13.808695793151855,1768.9688720703125,36.2771110534668,37.89461898803711,1809.4676513671875,36.900943756103516,39.698219299316406
eval,2026_04_07_156_63_sensor_data.csv,2026_04_07,60000,3000,30s,57.34259033203125,5.556117534637451,10.622730255126953,64.1248779296875,6.144980430603027,12.260817527770996,57.34259033203125,5.572373390197754,10.70325756072998,64.1248779296875,6.160726547241211,12.32728099822998
eval,2026_04_07_156_63_sensor_data.csv,2026_04_07,60000,6000,60s,362.3044128417969,14.807421684265137,15.438096046447754,395.2380065917969,15.848456382751465,17.460893630981445,362.3044128417969,14.81031608581543,19.79376792907715,395.2380065917969,15.851600646972656,22.08458137512207
eval,2026_04_07_156_63_sensor_data.csv,2026_04_07,60000,12000,120s,1649.0712890625,27.68185806274414,8.271560668945312,1813.39990234375,30.054813385009766,10.86555004119873,1649.0712890625,27.69452667236328,19.79376792907715,1813.39990234375,30.07179069519043,22.08458137512207
eval,2026_04_07_156_63_sensor_data.csv,2026_04_07,72000,3000,30s,148.37301635742188,10.738531112670898,17.657215118408203,170.30337524414062,12.129317283630371,19.377124786376953,148.37301635742188,10.76272964477539,17.684913635253906,170.30337524414062,12.15237808227539,19.407167434692383
eval,2026_04_07_156_63_sensor_data.csv,2026_04_07,72000,6000,60s,614.1270751953125,19.504291534423828,32.852149963378906,695.357421875,22.05040740966797,36.268306732177734,614.1270751953125,19.533117294311523,33.65813446044922,695.357421875,22.07347297668457,37.40763854980469
eval,2026_04_07_156_63_sensor_data.csv,2026_04_07,72000,12000,120s,2300.56591796875,37.87857437133789,42.90977096557617,2504.532958984375,38.46879196166992,44.27349090576172,2300.56591796875,37.87857437133789,82.63749694824219,2504.532958984375,38.46879196166992,94.18109130859375
eval,2026_04_07_178_46_sensor_data.csv,2026_04_07,12000,3000,30s,13.833990097045898,1.3156704902648926,0.9628648161888123,10.376968383789062,0.9318543672561646,2.171236276626587,13.833990097045898,1.3156704902648926,1.7195358276367188,10.376968383789062,0.9318543672561646,2.184177875518799
eval,2026_04_07_178_46_sensor_data.csv,2026_04_07,12000,6000,60s,83.90979766845703,3.282045364379883,2.570321559906006,53.303401947021484,2.4161369800567627,1.159778118133545,83.90979766845703,3.3156898021698,3.73858380317688,53.303401947021484,2.4337894916534424,4.310207843780518
eval,2026_04_07_178_46_sensor_data.csv,2026_04_07,12000,12000,120s,213.01080322265625,5.101346969604492,16.747316360473633,143.74188232421875,5.757442474365234,18.98520851135254,213.01080322265625,5.902054786682129,22.5333194732666,143.74188232421875,6.408348560333252,24.94814682006836
eval,2026_04_07_178_47_sensor_data.csv,2026_04_07,12000,3000,30s,70.4178695678711,6.423598766326904,11.05421257019043,58.33106231689453,5.929072380065918,10.124983787536621,70.4178695678711,6.423598766326904,11.05421257019043,58.33106231689453,5.929072380065918,10.124983787536621
eval,2026_04_07_178_47_sensor_data.csv,2026_04_07,12000,6000,60s,288.4347839355469,8.206336975097656,50.53410720825195,273.1800842285156,8.426644325256348,52.182071685791016,288.4347839355469,8.206336975097656,50.53410720825195,273.1800842285156,8.479501724243164,52.182071685791016
eval,2026_04_07_178_47_sensor_data.csv,2026_04_07,12000,12000,120s,911.3373413085938,14.394468307495117,37.39671325683594,900.903076171875,13.652409553527832,36.202880859375,911.3373413085938,14.403913497924805,61.03489303588867,900.903076171875,13.662378311157227,66.27128601074219
eval,2026_04_07_178_47_sensor_data.csv,2026_04_07,24000,3000,30s,17.746360778808594,1.3849494457244873,4.215703964233398,16.628219604492188,0.828813910484314,2.2594943046569824,17.746360778808594,1.4480793476104736,4.778031349182129,16.628219604492188,0.9961104393005371,3.026791572570801
eval,2026_04_07_178_47_sensor_data.csv,2026_04_07,24000,6000,60s,115.97634887695312,6.2498459815979,13.557900428771973,81.4613265991211,5.34248161315918,11.803884506225586,115.97634887695312,6.2617645263671875,15.790843963623047,81.4613265991211,5.352773189544678,12.843940734863281
eval,2026_04_07_178_47_sensor_data.csv,2026_04_07,24000,12000,120s,826.0751342773438,16.558704376220703,35.194908142089844,770.00048828125,17.009592056274414,33.9893913269043,826.0751342773438,16.57844352722168,48.975608825683594,770.00048828125,17.025583267211914,46.26518249511719
eval,2026_04_07_178_47_sensor_data.csv,2026_04_07,36000,3000,30s,34.39015579223633,3.5725631713867188,14.093106269836426,25.861852645874023,3.210303544998169,18.525531768798828,34.39015579223633,3.9343159198760986,41.10011672973633,25.861852645874023,3.503729820251465,35.643653869628906
eval,2026_04_07_178_47_sensor_data.csv,2026_04_07,36000,6000,60s,215.26205444335938,8.193490028381348,22.792341232299805,206.20639038085938,8.471707344055176,22.368070602416992,215.26205444335938,8.224004745483398,41.10011672973633,206.20639038085938,8.502325057983398,35.643653869628906
eval,2026_04_07_178_47_sensor_data.csv,2026_04_07,36000,12000,120s,658.5180053710938,5.441091060638428,8.705381393432617,733.6732788085938,6.746220111846924,9.878562927246094,658.5180053710938,9.746574401855469,41.10011672973633,733.6732788085938,11.252520561218262,35.643653869628906
eval,2026_04_07_178_47_sensor_data.csv,2026_04_07,48000,3000,30s,9.976014137268066,0.9765732884407043,0.6507192850112915,16.27368927001953,1.5838840007781982,1.6613037586212158,9.976014137268066,1.3800652027130127,6.5831451416015625,16.27368927001953,1.586803674697876,5.356610298156738
eval,2026_04_07_178_47_sensor_data.csv,2026_04_07,48000,6000,60s,95.12911987304688,6.540313720703125,6.8971099853515625,118.05880737304688,6.704803943634033,7.614865303039551,95.12911987304688,6.540313720703125,14.050518035888672,118.05880737304688,6.704803943634033,15.597427368164062
eval,2026_04_07_178_47_sensor_data.csv,2026_04_07,48000,12000,120s,709.84033203125,14.44232177734375,22.030309677124023,704.5370483398438,14.041056632995605,17.709383010864258,709.84033203125,14.44232177734375,49.21895980834961,704.5370483398438,14.041056632995605,45.55583953857422
eval,2026_04_07_178_47_sensor_data.csv,2026_04_07,60000,3000,30s,49.06600570678711,3.1889004707336426,5.5279011726379395,37.91508865356445,2.744830369949341,5.30898904800415,49.06600570678711,3.200756311416626,5.573482036590576,37.91508865356445,2.786668300628662,5.30898904800415
eval,2026_04_07_178_47_sensor_data.csv,2026_04_07,60000,6000,60s,217.56748962402344,6.815454483032227,14.234457969665527,182.38352966308594,6.498096942901611,12.895977973937988,217.56748962402344,6.937256813049316,14.234457969665527,182.38352966308594,6.547015190124512,12.895977973937988
eval,2026_04_07_178_47_sensor_data.csv,2026_04_07,60000,12000,120s,591.6532592773438,8.483129501342773,11.467947959899902,560.9385986328125,8.152889251708984,8.56607437133789,591.6532592773438,8.483129501342773,16.477617263793945,560.9385986328125,8.155423164367676,15.456315040588379
eval,2026_04_07_178_47_sensor_data.csv,2026_04_07,72000,3000,30s,21.787036895751953,2.1180107593536377,5.907504558563232,12.659391403198242,1.3879140615463257,3.8362979888916016,21.787036895751953,2.1180107593536377,5.916423320770264,12.659391403198242,1.389763593673706,3.8589959144592285
eval,2026_04_07_178_47_sensor_data.csv,2026_04_07,72000,6000,60s,169.49737548828125,8.268413543701172,17.258852005004883,125.30076599121094,7.0175042152404785,14.474061965942383,169.49737548828125,8.277776718139648,18.561622619628906,125.30076599121094,7.026968479156494,15.348370552062988
eval,2026_04_07_178_47_sensor_data.csv,2026_04_07,72000,12000,120s,1375.7254638671875,31.441389083862305,60.913944244384766,1228.3466796875,30.171653747558594,58.672786712646484,1375.7254638671875,31.473543167114258,62.445858001708984,1228.3466796875,30.203189849853516,60.00449752807617
eval,2026_04_07_178_47_sensor_data.csv,2026_04_07,84000,3000,30s,35.070377349853516,2.9659903049468994,4.321054458618164,29.823545455932617,2.883333921432495,3.6306536197662354,35.070377349853516,2.9659903049468994,4.321054458618164,29.823545455932617,2.883333921432495,3.6306536197662354
eval,2026_04_07_178_47_sensor_data.csv,2026_04_07,84000,6000,60s,272.2049865722656,12.034187316894531,41.1441535949707,255.9983367919922,11.490592956542969,38.92717361450195,272.2049865722656,12.051338195800781,51.617374420166016,255.9983367919922,11.508137702941895,48.41657638549805
eval,2026_04_07_178_47_sensor_data.csv,2026_04_07,84000,12000,120s,1088.0858154296875,12.359454154968262,40.084407806396484,1088.0318603515625,13.257796287536621,46.11861038208008,1088.0858154296875,14.527642250061035,57.6818962097168,1088.0318603515625,14.779253005981445,57.75032424926758
eval,2026_04_07_178_47_sensor_data.csv,2026_04_07,96000,3000,30s,48.05718994140625,4.1676130294799805,5.65544319152832,37.695220947265625,3.9445619583129883,5.890557765960693,48.05718994140625,4.345348358154297,6.179839134216309,37.695220947265625,4.079250812530518,6.248114585876465
eval,2026_04_07_178_47_sensor_data.csv,2026_04_07,96000,6000,60s,280.74322509765625,10.352923393249512,54.215450286865234,291.01513671875,11.279059410095215,57.517215728759766,280.74322509765625,11.3772611618042,54.215450286865234,291.01513671875,12.099353790283203,57.517215728759766
eval,2026_04_07_178_47_sensor_data.csv,2026_04_07,96000,12000,120s,1241.5103759765625,26.827680587768555,33.61701965332031,1304.1282958984375,27.876800537109375,34.64051818847656,1241.5103759765625,26.827680587768555,66.4871597290039,1304.1282958984375,27.876800537109375,70.2755126953125
eval,2026_04_07_178_47_sensor_data.csv,2026_04_07,108000,3000,30s,129.7861328125,9.536853790283203,18.096986770629883,122.58609771728516,8.906441688537598,17.312366485595703,129.7861328125,9.567200660705566,18.14638328552246,122.58609771728516,8.937238693237305,17.363489151000977
eval,2026_04_07_178_47_sensor_data.csv,2026_04_07,108000,6000,60s,619.1638793945312,24.111242294311523,67.96104431152344,599.8844604492188,24.22188949584961,67.74417114257812,619.1638793945312,24.111242294311523,78.06957244873047,599.8844604492188,24.22188949584961,78.18497467041016
eval,2026_04_07_178_47_sensor_data.csv,2026_04_07,108000,12000,120s,2784.77783203125,50.61228942871094,129.50584411621094,2801.479248046875,51.17607879638672,129.3921356201172,2784.77783203125,50.62718963623047,168.80499267578125,2801.479248046875,51.18998336791992,166.59547424316406
eval,2026_04_07_178_47_sensor_data.csv,2026_04_07,120000,3000,30s,69.48536682128906,5.209225177764893,11.646978378295898,50.90499496459961,4.1184539794921875,9.82761287689209,69.48536682128906,5.248373985290527,11.69916820526123,50.90499496459961,4.142599582672119,9.864500045776367
eval,2026_04_07_178_47_sensor_data.csv,2026_04_07,120000,6000,60s,361.20989990234375,15.293027877807617,44.08171844482422,301.4385070800781,13.596027374267578,39.64813232421875,361.20989990234375,15.299583435058594,44.086090087890625,301.4385070800781,13.603922843933105,39.658233642578125
eval,2026_04_07_178_47_sensor_data.csv,2026_04_07,120000,12000,120s,2184.49072265625,48.90264892578125,19.458850860595703,1979.08203125,45.82670593261719,19.227876663208008,2184.49072265625,48.918888092041016,64.81744384765625,1979.08203125,45.84172439575195,63.079795837402344
eval,2026_04_07_178_47_sensor_data.csv,2026_04_07,132000,3000,30s,125.36215209960938,8.255881309509277,14.440179824829102,120.7356948852539,8.295135498046875,12.826091766357422,125.36215209960938,8.255881309509277,14.62389087677002,120.7356948852539,8.295135498046875,13.361810684204102
eval,2026_04_07_178_47_sensor_data.csv,2026_04_07,132000,6000,60s,509.2674865722656,18.639263153076172,39.20955276489258,495.54327392578125,18.183303833007812,39.42539978027344,509.2674865722656,18.639263153076172,52.34050750732422,495.54327392578125,18.183303833007812,53.598533630371094
eval,2026_04_07_178_47_sensor_data.csv,2026_04_07,132000,12000,120s,2483.868408203125,48.316368103027344,80.44478607177734,2426.1484375,48.36834716796875,79.24340057373047,2483.868408203125,48.316368103027344,145.51766967773438,2426.1484375,48.36834716796875,143.65785217285156
eval,2026_04_07_219_54_sensor_data.csv,2026_04_07,12000,3000,30s,65.45623016357422,4.447628021240234,15.420305252075195,67.7897720336914,4.602997303009033,15.08193588256836,65.45623016357422,4.447645664215088,15.420305252075195,67.7897720336914,4.602997303009033,15.08193588256836
eval,2026_04_07_219_54_sensor_data.csv,2026_04_07,12000,6000,60s,296.56414794921875,12.026308059692383,25.40568733215332,295.56256103515625,11.657184600830078,25.025768280029297,296.56414794921875,12.044614791870117,25.45430564880371,295.56256103515625,11.676895141601562,25.07779884338379
eval,2026_04_07_219_54_sensor_data.csv,2026_04_07,12000,12000,120s,1584.547119140625,31.214282989501953,112.34513092041016,1527.9500732421875,29.592357635498047,113.46977996826172,1584.547119140625,31.216218948364258,112.34513092041016,1527.9500732421875,29.596118927001953,113.46977996826172
eval,2026_04_07_219_54_sensor_data.csv,2026_04_07,24000,3000,30s,36.486385345458984,3.284663677215576,11.598888397216797,44.96075439453125,3.1422603130340576,10.362399101257324,36.486385345458984,3.2924885749816895,11.603032112121582,44.96075439453125,3.151085615158081,10.37801456451416
eval,2026_04_07_219_54_sensor_data.csv,2026_04_07,24000,6000,60s,150.7963104248047,4.775990009307861,11.982306480407715,152.50286865234375,4.044727325439453,10.83454418182373,150.7963104248047,4.879934310913086,14.422257423400879,152.50286865234375,4.382611274719238,12.65031623840332
eval,2026_04_07_219_54_sensor_data.csv,2026_04_07,24000,12000,120s,548.3580322265625,9.87587833404541,7.490040302276611,426.2989807128906,7.416507244110107,8.837000846862793,548.3580322265625,11.363529205322266,31.86699676513672,426.2989807128906,9.281169891357422,20.395633697509766
eval,2026_04_07_219_55_sensor_data.csv,2026_04_07,12000,3000,30s,39.97311782836914,1.5331037044525146,2.3967790603637695,46.86222457885742,2.6729207038879395,3.168111801147461,39.97311782836914,2.857900857925415,4.720159530639648,46.86222457885742,3.303107738494873,4.914821147918701
eval,2026_04_07_219_55_sensor_data.csv,2026_04_07,12000,6000,60s,79.56536102294922,3.360027313232422,8.210902214050293,132.1294708251953,3.199324369430542,5.712784767150879,79.56536102294922,5.041748523712158,15.714561462402344,132.1294708251953,5.850937843322754,25.891069412231445
eval,2026_04_07_219_55_sensor_data.csv,2026_04_07,12000,12000,120s,443.775146484375,11.580037117004395,36.23593521118164,456.03387451171875,11.871867179870605,36.398048400878906,443.775146484375,11.630939483642578,36.23593521118164,456.03387451171875,11.932493209838867,36.398048400878906
eval,2026_04_07_219_55_sensor_data.csv,2026_04_07,24000,3000,30s,27.748497009277344,1.303873896598816,2.848400831222534,33.090309143066406,1.8664783239364624,3.376610279083252,27.748497009277344,1.6856077909469604,3.421595573425293,33.090309143066406,2.0990359783172607,3.735229969024658
eval,2026_04_07_219_55_sensor_data.csv,2026_04_07,24000,6000,60s,55.63561248779297,2.1915056705474854,4.2497124671936035,80.6072769165039,1.8809322118759155,4.368522644042969,55.63561248779297,2.2126362323760986,9.04183292388916,80.6072769165039,2.775726079940796,13.336383819580078
eval,2026_04_07_219_55_sensor_data.csv,2026_04_07,24000,12000,120s,395.056396484375,10.214345932006836,22.925153732299805,336.1424255371094,8.553980827331543,19.38744354248047,395.056396484375,10.230164527893066,24.123149871826172,336.1424255371094,8.570414543151855,22.491060256958008
eval,2026_04_07_219_55_sensor_data.csv,2026_04_07,36000,3000,30s,38.29861068725586,2.8005611896514893,7.369345664978027,45.266571044921875,3.3224456310272217,7.237929344177246,38.29861068725586,2.828350305557251,13.100500106811523,45.266571044921875,3.33896803855896,16.550891876220703
eval,2026_04_07_219_55_sensor_data.csv,2026_04_07,36000,6000,60s,142.62648010253906,5.223506927490234,3.5229783058166504,177.86378479003906,6.238387107849121,4.473783493041992,142.62648010253906,5.226208209991455,13.100500106811523,177.86378479003906,6.240769386291504,16.550891876220703
eval,2026_04_07_219_55_sensor_data.csv,2026_04_07,36000,12000,120s,497.6434020996094,8.289665222167969,17.10555076599121,641.7584228515625,9.499720573425293,19.57322120666504,497.6434020996094,9.194137573242188,32.58396530151367,641.7584228515625,11.328776359558105,40.57643127441406
eval,2026_04_07_219_55_sensor_data.csv,2026_04_07,48000,3000,30s,62.45513153076172,4.4419779777526855,4.515401363372803,74.10128784179688,5.538024425506592,4.987706184387207,62.45513153076172,4.4765167236328125,9.521754264831543,74.10128784179688,5.57359504699707,9.997117042541504
eval,2026_04_07_219_55_sensor_data.csv,2026_04_07,48000,6000,60s,224.34019470214844,6.708272933959961,39.4890022277832,276.4851989746094,7.599638938903809,40.79150390625,224.34019470214844,7.48744010925293,51.99934768676758,276.4851989746094,8.866864204406738,56.52268600463867
eval,2026_04_07_219_55_sensor_data.csv,2026_04_07,48000,12000,120s,719.662109375,12.787111282348633,8.266407012939453,741.9174194335938,12.724695205688477,8.06925106048584,719.662109375,14.434422492980957,59.05324935913086,741.9174194335938,12.93390941619873,57.701377868652344
eval,2026_04_07_219_55_sensor_data.csv,2026_04_07,60000,3000,30s,21.098501205444336,2.412254810333252,17.011716842651367,29.356218338012695,2.8113038539886475,19.27354621887207,21.098501205444336,2.412254810333252,17.788530349731445,29.356218338012695,2.821453809738159,20.2883243560791
eval,2026_04_07_219_55_sensor_data.csv,2026_04_07,60000,6000,60s,173.3878173828125,9.28311824798584,15.562919616699219,182.66549682617188,8.722424507141113,14.872220039367676,173.3878173828125,9.332470893859863,161.30690002441406,182.66549682617188,8.81456184387207,165.98768615722656
eval,2026_04_07_219_55_sensor_data.csv,2026_04_07,60000,12000,120s,1364.6468505859375,29.766435623168945,50.332035064697266,1346.9837646484375,29.696575164794922,47.377506256103516,1364.6468505859375,29.766435623168945,161.30690002441406,1346.9837646484375,29.696575164794922,165.98768615722656
eval,2026_04_07_219_55_sensor_data.csv,2026_04_07,72000,3000,30s,30.3144474029541,6.510227680206299,12.66918659210205,43.61106872558594,6.014673233032227,11.700413703918457,30.3144474029541,6.642582893371582,13.121532440185547,43.61106872558594,6.157394886016846,12.180342674255371
eval,2026_04_07_219_55_sensor_data.csv,2026_04_07,72000,6000,60s,253.79336547851562,11.204588890075684,24.113807678222656,222.94679260253906,8.953248977661133,20.15446662902832,253.79336547851562,11.211380958557129,24.25026512145996,222.94679260253906,8.953248977661133,20.19327735900879
eval,2026_04_07_219_55_sensor_data.csv,2026_04_07,72000,12000,120s,1330.1268310546875,27.13536834716797,20.59303092956543,1129.2708740234375,24.574874877929688,20.52415657043457,1330.1268310546875,27.150678634643555,55.29463195800781,1129.2708740234375,24.593503952026367,41.3223876953125
eval,2026_04_07_219_55_sensor_data.csv,2026_04_07,84000,3000,30s,60.39823913574219,6.017388820648193,23.3789119720459,47.53700637817383,5.648342132568359,21.861597061157227,60.39823913574219,6.017388820648193,23.3922061920166,47.53700637817383,5.648342132568359,21.871307373046875
eval,2026_04_07_219_55_sensor_data.csv,2026_04_07,84000,6000,60s,309.7180480957031,9.984603881835938,22.036245346069336,296.538330078125,10.262114524841309,21.136842727661133,309.7180480957031,9.984603881835938,26.95745849609375,296.538330078125,10.262114524841309,25.484607696533203
eval,2026_04_07_219_55_sensor_data.csv,2026_04_07,84000,12000,120s,1171.322998046875,20.242013931274414,44.007057189941406,1189.9891357421875,21.168392181396484,44.633399963378906,1171.322998046875,20.242013931274414,46.50346374511719,1189.9891357421875,21.168392181396484,46.90742111206055
eval,2026_04_07_219_55_sensor_data.csv,2026_04_07,96000,3000,30s,81.03500366210938,7.500004291534424,9.145442962646484,76.90238189697266,7.448935508728027,9.239567756652832,81.03500366210938,7.500004291534424,12.707388877868652,76.90238189697266,7.448935508728027,12.624420166015625
eval,2026_04_07_219_55_sensor_data.csv,2026_04_07,96000,6000,60s,320.8477478027344,8.270344734191895,86.64995574951172,323.1778259277344,8.3886137008667,94.61158752441406,320.8477478027344,10.099989891052246,86.64995574951172,323.1778259277344,10.221156120300293,94.61158752441406
eval,2026_04_07_219_55_sensor_data.csv,2026_04_07,96000,12000,120s,757.72265625,5.902179718017578,5.377421855926514,778.1944580078125,6.865261554718018,5.236934661865234,757.72265625,13.897073745727539,117.22021484375,778.1944580078125,14.147611618041992,126.91704559326172
eval,2026_04_07_219_55_sensor_data.csv,2026_04_07,108000,3000,30s,108.03059387207031,5.458644866943359,13.760826110839844,105.59386444091797,5.3204545974731445,15.893163681030273,108.03059387207031,6.084046363830566,16.937402725219727,105.59386444091797,6.010035514831543,17.262731552124023
eval,2026_04_07_219_55_sensor_data.csv,2026_04_07,108000,6000,60s,342.213623046875,13.396197319030762,18.73301887512207,330.7017517089844,13.250044822692871,16.562301635742188,342.213623046875,13.411717414855957,33.969207763671875,330.7017517089844,13.265067100524902,32.073081970214844
eval,2026_04_07_219_55_sensor_data.csv,2026_04_07,108000,12000,120s,1219.6485595703125,21.302003860473633,95.41389465332031,1297.853759765625,23.542322158813477,99.89692687988281,1219.6485595703125,21.30461883544922,114.85417938232422,1297.853759765625,23.543079376220703,118.12700653076172
test,2025_11_17_141_12_sensor_data.csv,2025_11_17,48000,3000,30s,17.103309631347656,1.032983422279358,3.003743886947632,18.222082138061523,0.9218131303787231,1.2739537954330444,17.103309631347656,1.0542961359024048,3.089271306991577,18.222082138061523,0.9842977523803711,1.4090327024459839
test,2025_11_17_141_12_sensor_data.csv,2025_11_17,48000,6000,60s,62.927406311035156,2.616013288497925,4.151430130004883,36.8653564453125,0.4626573622226715,1.0469845533370972,62.927406311035156,2.6176581382751465,4.272647380828857,36.91624069213867,0.9842977523803711,1.6802786588668823
test,2025_11_17_141_12_sensor_data.csv,2025_11_17,48000,12000,120s,572.191650390625,19.65926742553711,41.3615837097168,499.01971435546875,20.439199447631836,45.80504608154297,572.191650390625,19.65926742553711,42.31965255737305,499.01971435546875,20.439199447631836,45.80682373046875
test,2025_11_25_135_4_sensor_data.csv,2025_11_25,12000,3000,30s,30.49838638305664,3.4720406532287598,4.193018436431885,34.28951644897461,3.585691452026367,6.506984233856201,30.49838638305664,3.4748456478118896,4.209102153778076,34.28951644897461,3.5887629985809326,6.517914295196533
test,2025_11_25_135_4_sensor_data.csv,2025_11_25,12000,6000,60s,282.8018798828125,14.72004508972168,13.845549583435059,294.4910888671875,15.114274978637695,18.79439353942871,282.8018798828125,14.720046997070312,15.88632869720459,294.4910888671875,15.116500854492188,20.354162216186523
test,2025_11_25_135_4_sensor_data.csv,2025_11_25,12000,12000,120s,2001.2291259765625,39.39976501464844,87.40493774414062,2080.112548828125,40.4620475769043,81.9497299194336,2001.2291259765625,39.39976501464844,170.5222930908203,2080.112548828125,40.4620475769043,158.4073944091797
test,2025_11_25_135_4_sensor_data.csv,2025_11_25,24000,3000,30s,33.77152633666992,3.2686047554016113,6.877089023590088,32.89570999145508,3.2438230514526367,9.42431354522705,33.77152633666992,3.2686047554016113,6.8852128982543945,32.89570999145508,3.2438230514526367,9.434131622314453
test,2025_11_25_135_4_sensor_data.csv,2025_11_25,24000,6000,60s,261.75299072265625,13.32304859161377,22.033348083496094,259.89599609375,13.266031265258789,27.613271713256836,261.75299072265625,13.32304859161377,22.033348083496094,259.89599609375,13.266031265258789,27.613271713256836
test,2025_11_25_135_4_sensor_data.csv,2025_11_25,24000,12000,120s,2186.93701171875,54.4124641418457,48.947425842285156,2188.066650390625,54.4898796081543,45.12076950073242,2186.93701171875,54.4124641418457,172.93231201171875,2188.066650390625,54.4898796081543,176.95909118652344
test,2025_11_25_135_4_sensor_data.csv,2025_11_25,36000,3000,30s,81.07794952392578,7.462296009063721,5.433072090148926,86.84908294677734,7.499757289886475,7.680098533630371,81.07794952392578,7.462296009063721,5.433072090148926,86.84908294677734,7.499757289886475,7.680098533630371
test,2025_11_25_135_4_sensor_data.csv,2025_11_25,36000,6000,60s,559.5242919921875,26.486404418945312,19.107450485229492,565.2411499023438,26.37744903564453,22.675899505615234,559.5242919921875,26.486404418945312,19.107450485229492,565.2411499023438,26.37744903564453,22.675899505615234
test,2025_11_25_135_4_sensor_data.csv,2025_11_25,36000,12000,120s,3631.301025390625,72.08611297607422,122.83843994140625,3645.120361328125,72.17062377929688,118.29930114746094,3631.301025390625,72.08782958984375,175.65232849121094,3645.120361328125,72.17236328125,177.5592041015625
test,2025_11_25_135_4_sensor_data.csv,2025_11_25,48000,3000,30s,13.8046875,0.9466050863265991,1.6059595346450806,12.673312187194824,0.8467446565628052,0.6258883476257324,13.8046875,0.9766942858695984,1.7249900102615356,12.673312187194824,0.8523254990577698,1.2951289415359497
test,2025_11_25_135_4_sensor_data.csv,2025_11_25,48000,6000,60s,61.038631439208984,2.4135751724243164,2.697910785675049,42.98112487792969,0.9406669735908508,0.3876538872718811,61.038631439208984,2.4156410694122314,2.717501640319824,42.98112487792969,1.1319769620895386,1.2951289415359497
test,2025_11_25_135_4_sensor_data.csv,2025_11_25,48000,12000,120s,390.9425354003906,9.536133766174316,24.521310806274414,80.90266418457031,4.551382064819336,8.635721206665039,390.9425354003906,9.540392875671387,24.521310806274414,80.90266418457031,4.555875778198242,8.635721206665039
test,2025_11_25_137_5_sensor_data.csv,2025_11_25,12000,3000,30s,15.9512939453125,0.7321488857269287,0.8804895281791687,26.59449577331543,1.5840541124343872,1.4519872665405273,15.9512939453125,0.8279306888580322,0.8804895281791687,26.59449577331543,1.5928070545196533,1.588438630104065
test,2025_11_25_137_5_sensor_data.csv,2025_11_25,12000,6000,60s,50.34879684448242,1.981040120124817,2.1789743900299072,101.14744567871094,3.740293502807617,8.846821784973145,50.34879684448242,1.9845349788665771,2.1789743900299072,101.14744567871094,3.753953218460083,8.850618362426758
test,2025_11_25_137_5_sensor_data.csv,2025_11_25,12000,12000,120s,298.7018127441406,7.269493103027344,4.2360029220581055,522.9772338867188,9.033529281616211,2.522200107574463,298.7018127441406,7.269493103027344,7.0131072998046875,522.9772338867188,9.03589916229248,18.417625427246094
test,2025_11_25_137_5_sensor_data.csv,2025_11_25,24000,3000,30s,11.238241195678711,0.6808253526687622,2.42737078666687,23.26659393310547,1.7176533937454224,1.7213557958602905,11.238241195678711,0.7519000768661499,2.655128002166748,23.26659393310547,1.7352005243301392,2.2147884368896484
test,2025_11_25_137_5_sensor_data.csv,2025_11_25,24000,6000,60s,38.33943176269531,1.2568116188049316,3.8530545234680176,99.07156372070312,3.584961175918579,2.3190841674804688,38.33943176269531,1.2568116188049316,4.360849380493164,99.07156372070312,3.6014437675476074,5.240823745727539
test,2025_11_25_137_5_sensor_data.csv,2025_11_25,24000,12000,120s,168.49118041992188,5.771286964416504,2.548295259475708,497.79888916015625,10.778728485107422,2.6186060905456543,168.49118041992188,5.777904987335205,8.430234909057617,497.79888916015625,10.782255172729492,18.93690299987793
test,2025_11_25_137_5_sensor_data.csv,2025_11_25,36000,3000,30s,15.118520736694336,1.0117881298065186,0.4000738859176636,16.80766487121582,1.041911244392395,1.8638265132904053,15.118520736694336,1.1177371740341187,0.46520188450813293,16.80766487121582,1.0697327852249146,1.9041316509246826
test,2025_11_25_137_5_sensor_data.csv,2025_11_25,36000,6000,60s,56.04602813720703,1.4683376550674438,3.761922597885132,65.0005111694336,2.3244717121124268,4.484846591949463,56.04602813720703,1.6376101970672607,3.9531452655792236,65.0005111694336,2.33544921875,4.81588888168335
test,2025_11_25_137_5_sensor_data.csv,2025_11_25,36000,12000,120s,141.25270080566406,1.172094464302063,1.9621411561965942,237.96588134765625,3.7330241203308105,5.613354682922363,141.88316345214844,2.4558029174804688,6.7055158615112305,237.96588134765625,3.772740125656128,10.691814422607422
test,2026_04_07_153_67_sensor_data.csv,2026_04_07,12000,3000,30s,46.87882614135742,1.3958724737167358,5.339902877807617,65.25709533691406,2.466705083847046,8.399149894714355,46.87882614135742,2.4413609504699707,8.34779167175293,65.25709533691406,3.489866018295288,9.29094123840332
test,2026_04_07_153_67_sensor_data.csv,2026_04_07,12000,6000,60s,183.15615844726562,8.502978324890137,12.361002922058105,155.03369140625,7.395673751831055,10.534648895263672,183.15615844726562,8.57381534576416,17.084381103515625,155.03369140625,7.473849773406982,14.466233253479004
test,2026_04_07_153_67_sensor_data.csv,2026_04_07,12000,12000,120s,1176.675048828125,27.032651901245117,29.660179138183594,1081.7315673828125,26.49395751953125,25.050800323486328,1176.675048828125,27.0570068359375,34.521751403808594,1081.7315673828125,26.516401290893555,29.8133602142334
test,2026_04_07_154_48_sensor_data.csv,2026_04_07,12000,3000,30s,77.69346618652344,4.955877780914307,9.120699882507324,56.82243347167969,3.4819869995117188,7.457273006439209,77.69346618652344,4.955877780914307,9.548391342163086,56.82243347167969,3.4901819229125977,7.526186466217041
test,2026_04_07_154_48_sensor_data.csv,2026_04_07,12000,6000,60s,290.74212646484375,8.912264823913574,4.972639083862305,191.73789978027344,4.74817419052124,2.3455185890197754,290.74212646484375,8.913883209228516,18.41980743408203,191.73789978027344,5.034850597381592,11.849590301513672
test,2026_04_07_154_48_sensor_data.csv,2026_04_07,12000,12000,120s,910.2156982421875,14.176663398742676,26.772855758666992,606.5166015625,11.568511962890625,21.02009391784668,910.2156982421875,14.180000305175781,28.969879150390625,606.5166015625,11.571474075317383,21.91105079650879
test,2026_04_07_154_48_sensor_data.csv,2026_04_07,24000,3000,30s,19.21749496459961,1.647853136062622,0.9358635544776917,12.971414566040039,1.0630992650985718,2.368190050125122,19.21749496459961,1.6609283685684204,0.9634742736816406,12.971414566040039,1.0741164684295654,2.40036940574646
test,2026_04_07_154_48_sensor_data.csv,2026_04_07,24000,6000,60s,106.06302642822266,4.556097030639648,1.0319243669509888,77.18061065673828,3.183336019515991,9.213155746459961,106.06302642822266,4.576188564300537,9.91706657409668,77.18061065673828,3.208486795425415,9.285185813903809
test,2026_04_07_154_48_sensor_data.csv,2026_04_07,24000,12000,120s,297.49029541015625,6.755284309387207,13.424057960510254,397.59881591796875,9.16798210144043,12.362982749938965,297.49029541015625,6.755284309387207,15.843416213989258,397.59881591796875,9.16798210144043,16.325286865234375
test,2026_04_07_154_48_sensor_data.csv,2026_04_07,36000,3000,30s,53.85672378540039,4.4462409019470215,9.84043025970459,65.25763702392578,5.027565002441406,12.873771667480469,53.85672378540039,4.464424133300781,9.877527236938477,65.25763702392578,5.045056343078613,12.89891529083252
test,2026_04_07_154_48_sensor_data.csv,2026_04_07,36000,6000,60s,326.2284240722656,14.480826377868652,42.094940185546875,353.63604736328125,15.320521354675293,43.59855651855469,326.2284240722656,14.480826377868652,42.19215393066406,353.63604736328125,15.320521354675293,43.93082046508789
test,2026_04_07_154_48_sensor_data.csv,2026_04_07,36000,12000,120s,1907.038330078125,36.75130081176758,68.39923095703125,1973.5577392578125,37.00295639038086,67.74903869628906,1907.038330078125,36.75468444824219,73.60424041748047,1973.5577392578125,37.006591796875,72.94606018066406
test,2026_04_07_154_48_sensor_data.csv,2026_04_07,48000,3000,30s,27.009204864501953,2.6245620250701904,5.695605278015137,33.894405364990234,2.9663121700286865,6.562588691711426,27.009204864501953,2.6245620250701904,5.695605278015137,33.894405364990234,2.968258857727051,6.562588691711426
test,2026_04_07_154_48_sensor_data.csv,2026_04_07,48000,6000,60s,215.28016662597656,9.80457878112793,25.479211807250977,243.0304718017578,10.920845985412598,28.231359481811523,215.28016662597656,9.833921432495117,25.749385833740234,243.0304718017578,10.945198059082031,28.257383346557617
test,2026_04_07_154_48_sensor_data.csv,2026_04_07,48000,12000,120s,1045.5404052734375,17.165325164794922,29.70828628540039,1095.301025390625,16.810447692871094,24.407699584960938,1045.5404052734375,17.198278427124023,59.861793518066406,1095.301025390625,16.843204498291016,55.57810592651367
test,2026_04_07_154_48_sensor_data.csv,2026_04_07,60000,3000,30s,20.057050704956055,0.7390333414077759,1.5257240533828735,16.72122573852539,0.5053215622901917,1.2056094408035278,20.057050704956055,1.0232433080673218,2.5833864212036133,16.72122573852539,0.9807648658752441,1.823274850845337
test,2026_04_07_154_48_sensor_data.csv,2026_04_07,60000,6000,60s,71.45712280273438,5.718573093414307,2.267190456390381,81.64523315429688,6.354409217834473,6.2413330078125,71.45712280273438,5.718573093414307,3.4108784198760986,81.64523315429688,6.354409217834473,6.887491703033447
test,2026_04_07_154_48_sensor_data.csv,2026_04_07,60000,12000,120s,1227.2435302734375,38.59123229980469,121.52330017089844,1331.613525390625,39.56068420410156,118.67809295654297,1227.2435302734375,38.59123229980469,158.617919921875,1331.613525390625,39.56068420410156,174.63272094726562
test,2026_04_07_154_48_sensor_data.csv,2026_04_07,72000,3000,30s,56.033973693847656,4.993312835693359,7.940229892730713,66.60208892822266,5.661914825439453,9.285862922668457,56.033973693847656,5.006233215332031,7.972747802734375,66.60208892822266,5.672756671905518,9.319242477416992
test,2026_04_07_154_48_sensor_data.csv,2026_04_07,72000,6000,60s,341.7313537597656,16.583126068115234,23.342660903930664,369.544189453125,17.36574935913086,26.428272247314453,341.7313537597656,16.583126068115234,23.342660903930664,369.544189453125,17.36574935913086,26.428272247314453
test,2026_04_07_154_48_sensor_data.csv,2026_04_07,72000,12000,120s,1405.0181884765625,15.1848783493042,59.090782165527344,1373.9256591796875,13.828286170959473,50.011173248291016,1405.0181884765625,20.9409122467041,171.66017150878906,1373.9256591796875,21.361295700073242,174.36598205566406
test,2026_04_07_156_63_sensor_data.csv,2026_04_07,12000,3000,30s,49.190975189208984,3.4091851711273193,0.8488062024116516,50.354427337646484,3.6887764930725098,0.6431576609611511,49.190975189208984,5.175348281860352,13.59804916381836,50.354427337646484,5.349473476409912,13.784581184387207
test,2026_04_07_156_63_sensor_data.csv,2026_04_07,12000,6000,60s,272.2226867675781,11.968912124633789,4.1997389793396,278.28515625,12.146842002868652,4.609594821929932,272.2226867675781,11.976933479309082,13.59804916381836,278.28515625,12.158345222473145,13.784581184387207
test,2026_04_07_156_63_sensor_data.csv,2026_04_07,12000,12000,120s,1453.3585205078125,25.284563064575195,118.5526351928711,1441.193115234375,24.116945266723633,106.74250793457031,1453.3585205078125,26.867416381835938,135.4599609375,1441.193115234375,26.60151481628418,119.07422637939453
test,2026_04_07_156_63_sensor_data.csv,2026_04_07,24000,3000,30s,12.746912956237793,0.8323022723197937,2.355095386505127,18.388856887817383,1.622977375984192,4.1892805099487305,12.746912956237793,0.866428554058075,2.470292091369629,18.388856887817383,1.623764991760254,4.228784561157227
test,2026_04_07_156_63_sensor_data.csv,2026_04_07,24000,6000,60s,57.03369903564453,2.697216033935547,3.721101999282837,109.69587707519531,4.643968105316162,8.798928260803223,57.03369903564453,2.776667594909668,5.5826520919799805,109.69587707519531,4.6590094566345215,11.036332130432129
test,2026_04_07_156_63_sensor_data.csv,2026_04_07,24000,12000,120s,540.1458740234375,14.734942436218262,3.9433748722076416,680.5835571289062,15.913265228271484,5.658803939819336,540.1458740234375,14.755999565124512,25.349781036376953,680.5835571289062,15.938326835632324,28.68971061706543
test,2026_04_07_156_63_sensor_data.csv,2026_04_07,36000,3000,30s,70.92766571044922,4.955721378326416,11.111631393432617,63.52790451049805,4.3472418785095215,9.696473121643066,70.92766571044922,4.976595878601074,11.30343246459961,63.52790451049805,4.370321750640869,9.909469604492188
test,2026_04_07_156_63_sensor_data.csv,2026_04_07,36000,6000,60s,345.0784912109375,13.851271629333496,3.4694411754608154,326.16595458984375,13.702933311462402,2.989567995071411,345.0784912109375,13.855822563171387,14.801788330078125,326.16595458984375,13.70772933959961,13.837855339050293
test,2026_04_07_156_63_sensor_data.csv,2026_04_07,36000,12000,120s,1788.17626953125,35.515968322753906,46.23021697998047,1798.462158203125,36.96823501586914,46.953006744384766,1788.17626953125,35.52284622192383,79.4554443359375,1798.462158203125,36.96823501586914,81.03988647460938
test,2026_04_07_156_63_sensor_data.csv,2026_04_07,48000,3000,30s,69.63533782958984,4.9797563552856445,5.15670108795166,75.32166290283203,5.434303283691406,7.491062164306641,69.63533782958984,5.089986324310303,5.3282575607299805,75.32166290283203,5.565018177032471,7.837793350219727
test,2026_04_07_156_63_sensor_data.csv,2026_04_07,48000,6000,60s,325.767578125,12.726962089538574,5.9841227531433105,343.10150146484375,13.386181831359863,7.775440692901611,325.767578125,13.38974380493164,37.89461898803711,343.10150146484375,13.994219779968262,39.698219299316406
test,2026_04_07_156_63_sensor_data.csv,2026_04_07,48000,12000,120s,1768.9688720703125,36.192237854003906,12.573786735534668,1809.4676513671875,36.8111572265625,13.808695793151855,1768.9688720703125,36.2771110534668,37.89461898803711,1809.4676513671875,36.900943756103516,39.698219299316406
test,2026_04_07_156_63_sensor_data.csv,2026_04_07,60000,3000,30s,57.34259033203125,5.556117534637451,10.622730255126953,64.1248779296875,6.144980430603027,12.260817527770996,57.34259033203125,5.572373390197754,10.70325756072998,64.1248779296875,6.160726547241211,12.32728099822998
test,2026_04_07_156_63_sensor_data.csv,2026_04_07,60000,6000,60s,362.3044128417969,14.807421684265137,15.438096046447754,395.2380065917969,15.848456382751465,17.460893630981445,362.3044128417969,14.81031608581543,19.79376792907715,395.2380065917969,15.851600646972656,22.08458137512207
test,2026_04_07_156_63_sensor_data.csv,2026_04_07,60000,12000,120s,1649.0712890625,27.68185806274414,8.271560668945312,1813.39990234375,30.054813385009766,10.86555004119873,1649.0712890625,27.69452667236328,19.79376792907715,1813.39990234375,30.07179069519043,22.08458137512207
test,2026_04_07_156_63_sensor_data.csv,2026_04_07,72000,3000,30s,148.37301635742188,10.738531112670898,17.657215118408203,170.30337524414062,12.129317283630371,19.377124786376953,148.37301635742188,10.76272964477539,17.684913635253906,170.30337524414062,12.15237808227539,19.407167434692383
test,2026_04_07_156_63_sensor_data.csv,2026_04_07,72000,6000,60s,614.1270751953125,19.504291534423828,32.852149963378906,695.357421875,22.05040740966797,36.268306732177734,614.1270751953125,19.533117294311523,33.65813446044922,695.357421875,22.07347297668457,37.40763854980469
test,2026_04_07_156_63_sensor_data.csv,2026_04_07,72000,12000,120s,2300.56591796875,37.87857437133789,42.90977096557617,2504.532958984375,38.46879196166992,44.27349090576172,2300.56591796875,37.87857437133789,82.63749694824219,2504.532958984375,38.46879196166992,94.18109130859375
test,2026_04_07_178_46_sensor_data.csv,2026_04_07,12000,3000,30s,13.833990097045898,1.3156704902648926,0.9628648161888123,10.376968383789062,0.9318543672561646,2.171236276626587,13.833990097045898,1.3156704902648926,1.7195358276367188,10.376968383789062,0.9318543672561646,2.184177875518799
test,2026_04_07_178_46_sensor_data.csv,2026_04_07,12000,6000,60s,83.90979766845703,3.282045364379883,2.570321559906006,53.303401947021484,2.4161369800567627,1.159778118133545,83.90979766845703,3.3156898021698,3.73858380317688,53.303401947021484,2.4337894916534424,4.310207843780518
test,2026_04_07_178_46_sensor_data.csv,2026_04_07,12000,12000,120s,213.01080322265625,5.101346969604492,16.747316360473633,143.74188232421875,5.757442474365234,18.98520851135254,213.01080322265625,5.902054786682129,22.5333194732666,143.74188232421875,6.408348560333252,24.94814682006836
test,2026_04_07_178_47_sensor_data.csv,2026_04_07,12000,3000,30s,70.4178695678711,6.423598766326904,11.05421257019043,58.33106231689453,5.929072380065918,10.124983787536621,70.4178695678711,6.423598766326904,11.05421257019043,58.33106231689453,5.929072380065918,10.124983787536621
test,2026_04_07_178_47_sensor_data.csv,2026_04_07,12000,6000,60s,288.4347839355469,8.206336975097656,50.53410720825195,273.1800842285156,8.426644325256348,52.182071685791016,288.4347839355469,8.206336975097656,50.53410720825195,273.1800842285156,8.479501724243164,52.182071685791016
test,2026_04_07_178_47_sensor_data.csv,2026_04_07,12000,12000,120s,911.3373413085938,14.394468307495117,37.39671325683594,900.903076171875,13.652409553527832,36.202880859375,911.3373413085938,14.403913497924805,61.03489303588867,900.903076171875,13.662378311157227,66.27128601074219
test,2026_04_07_178_47_sensor_data.csv,2026_04_07,24000,3000,30s,17.746360778808594,1.3849494457244873,4.215703964233398,16.628219604492188,0.828813910484314,2.2594943046569824,17.746360778808594,1.4480793476104736,4.778031349182129,16.628219604492188,0.9961104393005371,3.026791572570801
test,2026_04_07_178_47_sensor_data.csv,2026_04_07,24000,6000,60s,115.97634887695312,6.2498459815979,13.557900428771973,81.4613265991211,5.34248161315918,11.803884506225586,115.97634887695312,6.2617645263671875,15.790843963623047,81.4613265991211,5.352773189544678,12.843940734863281
test,2026_04_07_178_47_sensor_data.csv,2026_04_07,24000,12000,120s,826.0751342773438,16.558704376220703,35.194908142089844,770.00048828125,17.009592056274414,33.9893913269043,826.0751342773438,16.57844352722168,48.975608825683594,770.00048828125,17.025583267211914,46.26518249511719
test,2026_04_07_178_47_sensor_data.csv,2026_04_07,36000,3000,30s,34.39015579223633,3.5725631713867188,14.093106269836426,25.861852645874023,3.210303544998169,18.525531768798828,34.39015579223633,3.9343159198760986,41.10011672973633,25.861852645874023,3.503729820251465,35.643653869628906
test,2026_04_07_178_47_sensor_data.csv,2026_04_07,36000,6000,60s,215.26205444335938,8.193490028381348,22.792341232299805,206.20639038085938,8.471707344055176,22.368070602416992,215.26205444335938,8.224004745483398,41.10011672973633,206.20639038085938,8.502325057983398,35.643653869628906
test,2026_04_07_178_47_sensor_data.csv,2026_04_07,36000,12000,120s,658.5180053710938,5.441091060638428,8.705381393432617,733.6732788085938,6.746220111846924,9.878562927246094,658.5180053710938,9.746574401855469,41.10011672973633,733.6732788085938,11.252520561218262,35.643653869628906
test,2026_04_07_178_47_sensor_data.csv,2026_04_07,48000,3000,30s,9.976014137268066,0.9765732884407043,0.6507192850112915,16.27368927001953,1.5838840007781982,1.6613037586212158,9.976014137268066,1.3800652027130127,6.5831451416015625,16.27368927001953,1.586803674697876,5.356610298156738
test,2026_04_07_178_47_sensor_data.csv,2026_04_07,48000,6000,60s,95.12911987304688,6.540313720703125,6.8971099853515625,118.05880737304688,6.704803943634033,7.614865303039551,95.12911987304688,6.540313720703125,14.050518035888672,118.05880737304688,6.704803943634033,15.597427368164062
test,2026_04_07_178_47_sensor_data.csv,2026_04_07,48000,12000,120s,709.84033203125,14.44232177734375,22.030309677124023,704.5370483398438,14.041056632995605,17.709383010864258,709.84033203125,14.44232177734375,49.21895980834961,704.5370483398438,14.041056632995605,45.55583953857422
test,2026_04_07_178_47_sensor_data.csv,2026_04_07,60000,3000,30s,49.06600570678711,3.1889004707336426,5.5279011726379395,37.91508865356445,2.744830369949341,5.30898904800415,49.06600570678711,3.200756311416626,5.573482036590576,37.91508865356445,2.786668300628662,5.30898904800415
test,2026_04_07_178_47_sensor_data.csv,2026_04_07,60000,6000,60s,217.56748962402344,6.815454483032227,14.234457969665527,182.38352966308594,6.498096942901611,12.895977973937988,217.56748962402344,6.937256813049316,14.234457969665527,182.38352966308594,6.547015190124512,12.895977973937988
test,2026_04_07_178_47_sensor_data.csv,2026_04_07,60000,12000,120s,591.6532592773438,8.483129501342773,11.467947959899902,560.9385986328125,8.152889251708984,8.56607437133789,591.6532592773438,8.483129501342773,16.477617263793945,560.9385986328125,8.155423164367676,15.456315040588379
test,2026_04_07_178_47_sensor_data.csv,2026_04_07,72000,3000,30s,21.787036895751953,2.1180107593536377,5.907504558563232,12.659391403198242,1.3879140615463257,3.8362979888916016,21.787036895751953,2.1180107593536377,5.916423320770264,12.659391403198242,1.389763593673706,3.8589959144592285
test,2026_04_07_178_47_sensor_data.csv,2026_04_07,72000,6000,60s,169.49737548828125,8.268413543701172,17.258852005004883,125.30076599121094,7.0175042152404785,14.474061965942383,169.49737548828125,8.277776718139648,18.561622619628906,125.30076599121094,7.026968479156494,15.348370552062988
test,2026_04_07_178_47_sensor_data.csv,2026_04_07,72000,12000,120s,1375.7254638671875,31.441389083862305,60.913944244384766,1228.3466796875,30.171653747558594,58.672786712646484,1375.7254638671875,31.473543167114258,62.445858001708984,1228.3466796875,30.203189849853516,60.00449752807617
test,2026_04_07_178_47_sensor_data.csv,2026_04_07,84000,3000,30s,35.070377349853516,2.9659903049468994,4.321054458618164,29.823545455932617,2.883333921432495,3.6306536197662354,35.070377349853516,2.9659903049468994,4.321054458618164,29.823545455932617,2.883333921432495,3.6306536197662354
test,2026_04_07_178_47_sensor_data.csv,2026_04_07,84000,6000,60s,272.2049865722656,12.034187316894531,41.1441535949707,255.9983367919922,11.490592956542969,38.92717361450195,272.2049865722656,12.051338195800781,51.617374420166016,255.9983367919922,11.508137702941895,48.41657638549805
test,2026_04_07_178_47_sensor_data.csv,2026_04_07,84000,12000,120s,1088.0858154296875,12.359454154968262,40.084407806396484,1088.0318603515625,13.257796287536621,46.11861038208008,1088.0858154296875,14.527642250061035,57.6818962097168,1088.0318603515625,14.779253005981445,57.75032424926758
test,2026_04_07_178_47_sensor_data.csv,2026_04_07,96000,3000,30s,48.05718994140625,4.1676130294799805,5.65544319152832,37.695220947265625,3.9445619583129883,5.890557765960693,48.05718994140625,4.345348358154297,6.179839134216309,37.695220947265625,4.079250812530518,6.248114585876465
test,2026_04_07_178_47_sensor_data.csv,2026_04_07,96000,6000,60s,280.74322509765625,10.352923393249512,54.215450286865234,291.01513671875,11.279059410095215,57.517215728759766,280.74322509765625,11.3772611618042,54.215450286865234,291.01513671875,12.099353790283203,57.517215728759766
test,2026_04_07_178_47_sensor_data.csv,2026_04_07,96000,12000,120s,1241.5103759765625,26.827680587768555,33.61701965332031,1304.1282958984375,27.876800537109375,34.64051818847656,1241.5103759765625,26.827680587768555,66.4871597290039,1304.1282958984375,27.876800537109375,70.2755126953125
test,2026_04_07_178_47_sensor_data.csv,2026_04_07,108000,3000,30s,129.7861328125,9.536853790283203,18.096986770629883,122.58609771728516,8.906441688537598,17.312366485595703,129.7861328125,9.567200660705566,18.14638328552246,122.58609771728516,8.937238693237305,17.363489151000977
test,2026_04_07_178_47_sensor_data.csv,2026_04_07,108000,6000,60s,619.1638793945312,24.111242294311523,67.96104431152344,599.8844604492188,24.22188949584961,67.74417114257812,619.1638793945312,24.111242294311523,78.06957244873047,599.8844604492188,24.22188949584961,78.18497467041016
test,2026_04_07_178_47_sensor_data.csv,2026_04_07,108000,12000,120s,2784.77783203125,50.61228942871094,129.50584411621094,2801.479248046875,51.17607879638672,129.3921356201172,2784.77783203125,50.62718963623047,168.80499267578125,2801.479248046875,51.18998336791992,166.59547424316406
test,2026_04_07_178_47_sensor_data.csv,2026_04_07,120000,3000,30s,69.48536682128906,5.209225177764893,11.646978378295898,50.90499496459961,4.1184539794921875,9.82761287689209,69.48536682128906,5.248373985290527,11.69916820526123,50.90499496459961,4.142599582672119,9.864500045776367
test,2026_04_07_178_47_sensor_data.csv,2026_04_07,120000,6000,60s,361.20989990234375,15.293027877807617,44.08171844482422,301.4385070800781,13.596027374267578,39.64813232421875,361.20989990234375,15.299583435058594,44.086090087890625,301.4385070800781,13.603922843933105,39.658233642578125
test,2026_04_07_178_47_sensor_data.csv,2026_04_07,120000,12000,120s,2184.49072265625,48.90264892578125,19.458850860595703,1979.08203125,45.82670593261719,19.227876663208008,2184.49072265625,48.918888092041016,64.81744384765625,1979.08203125,45.84172439575195,63.079795837402344
test,2026_04_07_178_47_sensor_data.csv,2026_04_07,132000,3000,30s,125.36215209960938,8.255881309509277,14.440179824829102,120.7356948852539,8.295135498046875,12.826091766357422,125.36215209960938,8.255881309509277,14.62389087677002,120.7356948852539,8.295135498046875,13.361810684204102
test,2026_04_07_178_47_sensor_data.csv,2026_04_07,132000,6000,60s,509.2674865722656,18.639263153076172,39.20955276489258,495.54327392578125,18.183303833007812,39.42539978027344,509.2674865722656,18.639263153076172,52.34050750732422,495.54327392578125,18.183303833007812,53.598533630371094
test,2026_04_07_178_47_sensor_data.csv,2026_04_07,132000,12000,120s,2483.868408203125,48.316368103027344,80.44478607177734,2426.1484375,48.36834716796875,79.24340057373047,2483.868408203125,48.316368103027344,145.51766967773438,2426.1484375,48.36834716796875,143.65785217285156
test,2026_04_07_219_54_sensor_data.csv,2026_04_07,12000,3000,30s,65.45623016357422,4.447628021240234,15.420305252075195,67.7897720336914,4.602997303009033,15.08193588256836,65.45623016357422,4.447645664215088,15.420305252075195,67.7897720336914,4.602997303009033,15.08193588256836
test,2026_04_07_219_54_sensor_data.csv,2026_04_07,12000,6000,60s,296.56414794921875,12.026308059692383,25.40568733215332,295.56256103515625,11.657184600830078,25.025768280029297,296.56414794921875,12.044614791870117,25.45430564880371,295.56256103515625,11.676895141601562,25.07779884338379
test,2026_04_07_219_54_sensor_data.csv,2026_04_07,12000,12000,120s,1584.547119140625,31.214282989501953,112.34513092041016,1527.9500732421875,29.592357635498047,113.46977996826172,1584.547119140625,31.216218948364258,112.34513092041016,1527.9500732421875,29.596118927001953,113.46977996826172
test,2026_04_07_219_54_sensor_data.csv,2026_04_07,24000,3000,30s,36.486385345458984,3.284663677215576,11.598888397216797,44.96075439453125,3.1422603130340576,10.362399101257324,36.486385345458984,3.2924885749816895,11.603032112121582,44.96075439453125,3.151085615158081,10.37801456451416
test,2026_04_07_219_54_sensor_data.csv,2026_04_07,24000,6000,60s,150.7963104248047,4.775990009307861,11.982306480407715,152.50286865234375,4.044727325439453,10.83454418182373,150.7963104248047,4.879934310913086,14.422257423400879,152.50286865234375,4.382611274719238,12.65031623840332
test,2026_04_07_219_54_sensor_data.csv,2026_04_07,24000,12000,120s,548.3580322265625,9.87587833404541,7.490040302276611,426.2989807128906,7.416507244110107,8.837000846862793,548.3580322265625,11.363529205322266,31.86699676513672,426.2989807128906,9.281169891357422,20.395633697509766
test,2026_04_07_219_55_sensor_data.csv,2026_04_07,12000,3000,30s,39.97311782836914,1.5331037044525146,2.3967790603637695,46.86222457885742,2.6729207038879395,3.168111801147461,39.97311782836914,2.857900857925415,4.720159530639648,46.86222457885742,3.303107738494873,4.914821147918701
test,2026_04_07_219_55_sensor_data.csv,2026_04_07,12000,6000,60s,79.56536102294922,3.360027313232422,8.210902214050293,132.1294708251953,3.199324369430542,5.712784767150879,79.56536102294922,5.041748523712158,15.714561462402344,132.1294708251953,5.850937843322754,25.891069412231445
test,2026_04_07_219_55_sensor_data.csv,2026_04_07,12000,12000,120s,443.775146484375,11.580037117004395,36.23593521118164,456.03387451171875,11.871867179870605,36.398048400878906,443.775146484375,11.630939483642578,36.23593521118164,456.03387451171875,11.932493209838867,36.398048400878906
test,2026_04_07_219_55_sensor_data.csv,2026_04_07,24000,3000,30s,27.748497009277344,1.303873896598816,2.848400831222534,33.090309143066406,1.8664783239364624,3.376610279083252,27.748497009277344,1.6856077909469604,3.421595573425293,33.090309143066406,2.0990359783172607,3.735229969024658
test,2026_04_07_219_55_sensor_data.csv,2026_04_07,24000,6000,60s,55.63561248779297,2.1915056705474854,4.2497124671936035,80.6072769165039,1.8809322118759155,4.368522644042969,55.63561248779297,2.2126362323760986,9.04183292388916,80.6072769165039,2.775726079940796,13.336383819580078
test,2026_04_07_219_55_sensor_data.csv,2026_04_07,24000,12000,120s,395.056396484375,10.214345932006836,22.925153732299805,336.1424255371094,8.553980827331543,19.38744354248047,395.056396484375,10.230164527893066,24.123149871826172,336.1424255371094,8.570414543151855,22.491060256958008
test,2026_04_07_219_55_sensor_data.csv,2026_04_07,36000,3000,30s,38.29861068725586,2.8005611896514893,7.369345664978027,45.266571044921875,3.3224456310272217,7.237929344177246,38.29861068725586,2.828350305557251,13.100500106811523,45.266571044921875,3.33896803855896,16.550891876220703
test,2026_04_07_219_55_sensor_data.csv,2026_04_07,36000,6000,60s,142.62648010253906,5.223506927490234,3.5229783058166504,177.86378479003906,6.238387107849121,4.473783493041992,142.62648010253906,5.226208209991455,13.100500106811523,177.86378479003906,6.240769386291504,16.550891876220703
test,2026_04_07_219_55_sensor_data.csv,2026_04_07,36000,12000,120s,497.6434020996094,8.289665222167969,17.10555076599121,641.7584228515625,9.499720573425293,19.57322120666504,497.6434020996094,9.194137573242188,32.58396530151367,641.7584228515625,11.328776359558105,40.57643127441406
test,2026_04_07_219_55_sensor_data.csv,2026_04_07,48000,3000,30s,62.45513153076172,4.4419779777526855,4.515401363372803,74.10128784179688,5.538024425506592,4.987706184387207,62.45513153076172,4.4765167236328125,9.521754264831543,74.10128784179688,5.57359504699707,9.997117042541504
test,2026_04_07_219_55_sensor_data.csv,2026_04_07,48000,6000,60s,224.34019470214844,6.708272933959961,39.4890022277832,276.4851989746094,7.599638938903809,40.79150390625,224.34019470214844,7.48744010925293,51.99934768676758,276.4851989746094,8.866864204406738,56.52268600463867
test,2026_04_07_219_55_sensor_data.csv,2026_04_07,48000,12000,120s,719.662109375,12.787111282348633,8.266407012939453,741.9174194335938,12.724695205688477,8.06925106048584,719.662109375,14.434422492980957,59.05324935913086,741.9174194335938,12.93390941619873,57.701377868652344
test,2026_04_07_219_55_sensor_data.csv,2026_04_07,72000,3000,30s,30.3144474029541,6.510227680206299,12.66918659210205,43.61106872558594,6.014673233032227,11.700413703918457,30.3144474029541,6.642582893371582,13.121532440185547,43.61106872558594,6.157394886016846,12.180342674255371
test,2026_04_07_219_55_sensor_data.csv,2026_04_07,72000,6000,60s,253.79336547851562,11.204588890075684,24.113807678222656,222.94679260253906,8.953248977661133,20.15446662902832,253.79336547851562,11.211380958557129,24.25026512145996,222.94679260253906,8.953248977661133,20.19327735900879
test,2026_04_07_219_55_sensor_data.csv,2026_04_07,72000,12000,120s,1330.1268310546875,27.13536834716797,20.59303092956543,1129.2708740234375,24.574874877929688,20.52415657043457,1330.1268310546875,27.150678634643555,55.29463195800781,1129.2708740234375,24.593503952026367,41.3223876953125
test,2026_04_07_219_55_sensor_data.csv,2026_04_07,84000,3000,30s,60.39823913574219,6.017388820648193,23.3789119720459,47.53700637817383,5.648342132568359,21.861597061157227,60.39823913574219,6.017388820648193,23.3922061920166,47.53700637817383,5.648342132568359,21.871307373046875
test,2026_04_07_219_55_sensor_data.csv,2026_04_07,84000,6000,60s,309.7180480957031,9.984603881835938,22.036245346069336,296.538330078125,10.262114524841309,21.136842727661133,309.7180480957031,9.984603881835938,26.95745849609375,296.538330078125,10.262114524841309,25.484607696533203
test,2026_04_07_219_55_sensor_data.csv,2026_04_07,84000,12000,120s,1171.322998046875,20.242013931274414,44.007057189941406,1189.9891357421875,21.168392181396484,44.633399963378906,1171.322998046875,20.242013931274414,46.50346374511719,1189.9891357421875,21.168392181396484,46.90742111206055
test,2026_04_07_219_55_sensor_data.csv,2026_04_07,108000,3000,30s,108.0310287475586,5.458658218383789,13.760767936706543,105.59382629394531,5.3204545974731445,15.893163681030273,108.0310287475586,6.084057331085205,16.937402725219727,105.59382629394531,6.010035514831543,17.262731552124023
test,2026_04_07_219_55_sensor_data.csv,2026_04_07,108000,6000,60s,342.2142333984375,13.396203994750977,18.73301887512207,330.70184326171875,13.250044822692871,16.562301635742188,342.2142333984375,13.411720275878906,33.96923065185547,330.70184326171875,13.265067100524902,32.073081970214844
test,2026_04_07_219_55_sensor_data.csv,2026_04_07,108000,12000,120s,1219.6488037109375,21.302032470703125,95.41383361816406,1297.853271484375,23.542322158813477,99.89692687988281,1219.6488037109375,21.304645538330078,114.85407257080078,1297.853271484375,23.543079376220703,118.12700653076172
