split,horizon,horizon_frames,v0_offset,windows,flights,vel_rmse,vel_max,dir_rmse,dir_max,pos_error,mean_offset
eval,30s,3000,"ON, first 1 frame",1,1,3.025348852129839,5.743133544921875,5.7266657420206855,14.203653335571289,28.20600855238173,3.2500102519989014
eval,1min,6000,"ON, first 1 frame",1,1,4.151572242335828,8.79448127746582,9.38760097593274,16.99639320373535,130.89110156443027,3.2500102519989014
eval,2min,12000,"ON, first 1 frame",1,1,4.609643706857035,8.803276062011719,10.193327065618304,19.310808181762695,405.1402534925405,3.250011920928955
eval,3min,18000,"ON, first 1 frame",1,1,4.153916742732761,8.803276062011719,8.965886738075604,19.310808181762695,488.3348940532511,3.250011920928955
eval,4min,24000,"ON, first 1 frame",1,1,4.0018888769346574,8.803276062011719,8.587691349153936,19.310808181762695,456.2346744001381,3.250011920928955
eval,5min,30000,"ON, first 1 frame",1,1,3.6772518611049745,8.803276062011719,7.985178457617588,19.310808181762695,420.2000081806282,3.250011920928955
eval,10min,60000,"ON, first 1 frame",1,1,3.640423080952725,9.06082534790039,7.075097172477562,19.310806274414062,928.4531827184395,3.250011920928955
eval,15min,90000,"ON, first 1 frame",1,1,3.506411983780571,9.06082534790039,6.803582389692457,19.310806274414062,1159.9235966217775,3.250011920928955
eval,20min,120000,"ON, first 1 frame",1,1,3.418030926815418,9.060824394226074,6.5641875607978575,19.310808181762695,962.5129869253714,3.250012159347534
eval,30min,180000,"ON, first 1 frame",1,1,3.2497841808683576,9.660264015197754,6.129153240411308,19.310808181762695,1232.204731365693,3.250012159347534
eval,38min,228000,"ON, first 1 frame",1,1,3.2299166927500256,9.915721893310547,6.026920237058032,19.310808181762695,1500.8228576351041,3.250012159347534
