epoch,lr,train_loss,train_pos_error_60s,train_vel_error_60s,train_raw_pos_error_60s,train_raw_vel_error_60s,train_cov_loss,train_cov_nll_rot,train_cov_nll_vel,train_cov_nll_pos,train_pred_cov_vel,val_loss,val_cov_loss,val_cov_nll_rot,val_cov_nll_vel,val_cov_nll_pos,val_pred_cov_vel,val_pos_error_60s,val_vel_error_60s,val_raw_pos_error_60s,val_raw_vel_error_60s,val_pos_error_120s,val_vel_error_120s,val_raw_pos_error_120s,val_raw_vel_error_120s
0,0.001,2.091289,141.31492,5.369775,518.52132,20.740306,0.0038740777,0,3.8740775,0,11.970464,2.9899697,0.0040885901,0,4.0885899,0,11.595292,207.00139,7.3463229,307.41858,11.947049,409.82012,7.4464688,1507.2492,29.907791
1,0.001,1.9076743,133.10434,4.9365563,516.70001,20.659109,0.0029803277,0,2.9803275,0,10.746944,2.9053327,0.0039316281,0,3.9316279,0,10.941067,202.59567,7.1603341,307.41858,11.947049,404.14338,7.2175802,1507.2492,29.907791
2,0.001,1.8386408,129.65553,4.7841445,517.75314,20.685281,0.0029069568,0,2.9069566,0,10.107772,2.9394738,0.0039657609,0,3.9657607,0,10.1316,205.0447,7.2577183,307.41858,11.947049,405.98226,7.3591992,1507.2492,29.907791
3,0.001,1.7904745,126.51015,4.6736435,517.53857,20.658748,0.0028687059,0,2.8687058,0,9.6465785,2.9976157,0.00409063,0,4.0906298,0,9.7459995,211.30213,7.4708898,307.41858,11.947049,418.93682,7.5573711,1507.2492,29.907791
4,0.001,1.7458011,123.8036,4.5696525,515.99788,20.635271,0.0028269247,0,2.8269246,0,9.2271075,2.9407814,0.0040439947,0,4.0439945,0,9.1804327,204.06981,7.2715203,307.41858,11.947049,407.57142,7.3692209,1507.2492,29.907791
5,0.001,1.7097284,121.35839,4.4945134,518.16717,20.701066,0.0028004086,0,2.8004084,0,8.9661949,2.7810922,0.0039320863,0,3.9320861,0,9.0870111,194.86745,6.9123917,307.41858,11.947049,381.81844,6.9251511,1507.2492,29.907791
6,0.001,1.6713925,118.85491,4.4102423,515.5748,20.645058,0.002759324,0,2.7593239,0,8.5814881,2.8678336,0.0040705128,0,4.0705126,0,8.9178572,199.72225,7.0903251,307.41858,11.947049,393.5995,7.1026072,1507.2492,29.907791
7,0.001,1.6420022,117.12572,4.3434995,517.38275,20.682212,0.0027340002,0,2.734,0,8.3946824,2.9087807,0.0041893619,0,4.1893617,0,8.1701574,203.31224,7.23731,307.41858,11.947049,402.01018,7.2837128,1507.2492,29.907791
8,0.001,1.6106939,114.56521,4.2723607,515.89633,20.599888,0.0026983644,0,2.6983643,0,8.0766731,2.9879026,0.0041856072,0,4.185607,0,8.6655136,208.39644,7.4002984,307.41858,11.947049,411.00652,7.4438804,1507.2492,29.907791
9,0.001,1.5721132,111.90374,4.1855789,515.66214,20.588917,0.0026667932,0,2.666793,0,7.8454036,2.9875,0.0042788606,0,4.2788604,0,8.3010462,209.81479,7.4469624,307.41858,11.947049,412.75153,7.4962816,1507.2492,29.907791
10,0.001,1.5382786,109.60006,4.1109712,516.59602,20.654055,0.002636591,0,2.6365909,0,7.5727981,2.9116641,0.0042070733,0,4.2070731,0,8.0886992,202.78483,7.2514818,307.41858,11.947049,402.51534,7.2871872,1507.2492,29.907791
11,0.001,1.5158949,107.9289,4.0622588,517.72198,20.691637,0.0026148388,0,2.6148387,0,7.4176077,2.9360464,0.0042623484,0,4.2623482,0,7.9872786,206.5774,7.3313332,307.41858,11.947049,412.42914,7.4261053,1507.2492,29.907791
12,0.001,1.4967138,106.54923,4.0222536,514.91546,20.588186,0.0025976018,0,2.5976016,0,7.3505852,3.0577019,0.0044855068,0,4.4855066,0,7.5385507,211.40533,7.5743364,307.41858,11.947049,423.5122,7.7054615,1507.2492,29.907791
13,0.001,1.4612578,103.84253,3.9411052,517.2429,20.680509,0.0025648725,0,2.5648723,0,7.0557024,3.0927807,0.0043643108,0,4.3643106,0,8.1801677,211.03514,7.6438902,307.41858,11.947049,426.61739,7.8779904,1507.2492,29.907791
14,0.001,1.4361759,102.12297,3.8878982,516.27301,20.647236,0.002539284,0,2.5392839,0,6.8777342,2.9521079,0.0043557578,0,4.3557576,0,7.3407018,204.52014,7.3095315,307.41858,11.947049,410.01076,7.3967044,1507.2492,29.907791
15,0.001,1.4112993,100.42752,3.8314627,517.16964,20.685457,0.0025171432,0,2.5171431,0,6.708021,3.0309471,0.004595625,0,4.5956248,0,7.0627129,211.42545,7.5451806,307.41858,11.947049,416.30936,7.645792,1507.2492,29.907791
16,0.001,1.3864461,98.363854,3.7778799,516.09818,20.627129,0.0024897433,0,2.4897432,0,6.5226768,3.0733276,0.0043982711,0,4.3982709,0,7.8612705,211.74233,7.6269859,307.41858,11.947049,429.1547,7.8444667,1507.2492,29.907791
17,0.0003,1.2764984,91.554806,3.531196,520.2112,20.7687,0.0023625368,0,2.3625367,0,5.7549435,3.0256725,0.0047151857,0,4.7151855,0,6.3634402,208.6583,7.5020116,307.41858,11.947049,421.34497,7.6596549,1507.2492,29.907791
18,0.0003,1.254957,90.087903,3.4851294,517.56014,20.674568,0.0023447102,0,2.3447101,0,5.6015269,3.0167581,0.0048637004,0,4.8637002,0,5.9999344,208.34473,7.4881806,307.41858,11.947049,417.78117,7.6128173,1507.2492,29.907791
19,0.0003,1.2374174,88.624351,3.4473922,516.50485,20.635354,0.0023270435,0,2.3270434,0,5.5149005,3.0516794,0.0049544506,0,4.9544503,0,6.0281041,208.93106,7.5754842,307.41858,11.947049,421.57983,7.7525964,1507.2492,29.907791
20,0.0003,1.222527,87.715737,3.4134564,517.91584,20.680293,0.0023082387,0,2.3082386,0,5.3839365,3.1315342,0.0052599239,0,5.2599236,0,5.7623261,213.87458,7.7787808,307.41858,11.947049,430.09652,7.9413639,1507.2492,29.907791
21,0.0003,1.2166984,87.132558,3.3999082,517.55809,20.696259,0.0023039208,0,2.3039207,0,5.3827381,3.1433329,0.0050373027,0,5.0373025,0,6.0359065,211.00617,7.7390422,307.41858,11.947049,430.17278,7.9627859,1507.2492,29.907791
22,0.0003,1.1997167,85.832711,3.3642089,517.11594,20.680902,0.0022824245,0,2.2824244,0,5.265923,3.0301423,0.0048884723,0,4.8884721,0,6.0511417,207.22273,7.5020219,307.41858,11.947049,417.72691,7.663733,1507.2492,29.907791
23,0.0003,1.1880312,85.135849,3.33601,512.54117,20.52212,0.0022726593,0,2.2726592,0,5.168504,3.0717603,0.0048990102,0,4.8990099,0,6.1073702,208.07439,7.5705712,307.41858,11.947049,419.87474,7.7172673,1507.2492,29.907791
24,0.0003,1.1796702,84.525522,3.3204882,515.22551,20.614366,0.0022610932,0,2.2610931,0,5.1486987,3.0824919,0.0050114825,0,5.0114823,0,5.8962398,209.89026,7.6162951,307.41858,11.947049,424.39435,7.7963507,1507.2492,29.907791
25,0.0003,1.1703771,83.839427,3.2966556,514.99807,20.595416,0.0022520512,0,2.2520511,0,5.0688378,2.9553942,0.0048061592,0,4.806159,0,5.8317366,201.50679,7.3078206,307.41858,11.947049,404.37615,7.4222931,1507.2492,29.907791
26,0.0003,1.1589169,82.789875,3.2716099,518.61692,20.70829,0.0022375788,0,2.2375787,0,5.0105387,3.0221313,0.0050882572,0,5.0882569,0,5.6108969,208.31767,7.536185,307.41858,11.947049,415.87014,7.6764719,1507.2492,29.907791
27,0.0003,1.1492404,82.304222,3.2491306,516.69421,20.682003,0.0022237131,0,2.223713,0,4.9291616,3.0243722,0.0049220612,0,4.922061,0,6.0344445,207.32386,7.5278447,307.41858,11.947049,416.28246,7.7094337,1507.2492,29.907791
28,9e-05,1.1050897,79.365279,3.1507261,515.80375,20.591114,0.0021711716,0,2.1711715,0,4.6698634,3.0398555,0.0051919411,0,5.1919408,0,5.3471532,207.8334,7.5328961,307.41858,11.947049,417.9201,7.6621981,1507.2492,29.907791
29,9e-05,1.0841872,77.538084,3.1022094,518.52132,20.740306,0.0021417555,0,2.1417554,0,4.5330591,2.9731015,0.005134969,0,5.1349687,0,5.263493,201.04685,7.3436318,307.20788,11.954609,405.93193,7.5265146,1507.2492,29.907791
30,9e-05,1.0883367,78.053174,3.1149491,516.70001,20.659109,0.0021492515,0,2.1492514,0,4.5505477,3.0295924,0.0052042665,0,5.2042663,0,5.3582328,206.68268,7.5094649,307.20788,11.954609,416.34575,7.6865049,1507.2492,29.907791
31,9e-05,1.0786537,77.195883,3.0921502,517.75314,20.685281,0.0021350018,0,2.1350017,0,4.4982425,3.0463347,0.0052145168,0,5.2145166,0,5.3474835,206.44089,7.5200241,307.20788,11.954609,418.44464,7.721317,1507.2492,29.907791
32,9e-05,1.0790773,76.932954,3.0912547,517.53857,20.658748,0.0021363224,0,2.1363223,0,4.4824347,3.0110036,0.005200264,0,5.2002638,0,5.2899829,205.60445,7.4753271,307.20788,11.954609,416.25662,7.6842933,1507.2492,29.907791
33,9e-05,1.0691505,76.532599,3.0693115,515.99788,20.635271,0.0021277084,0,2.1277083,0,4.4496649,3.0239581,0.0053080425,0,5.3080423,0,5.1491909,205.15682,7.4737632,307.20788,11.954609,415.35019,7.678911,1507.2492,29.907791
34,9e-05,1.066643,76.22679,3.0636152,518.16717,20.701066,0.0021253554,0,2.1253553,0,4.4138173,3.1563384,0.0054303264,0,5.4303262,0,5.3611038,213.08995,7.7807999,307.20788,11.954609,432.30598,8.0001961,1507.2492,29.907791
35,9e-05,1.0669772,76.207091,3.0655442,515.5748,20.645058,0.0021223757,0,2.1223756,0,4.4249526,3.0280284,0.0053303814,0,5.3303811,0,5.2050953,203.97849,7.4830901,307.20788,11.954609,412.89617,7.7085646,1507.2492,29.907791
36,9e-05,1.0630617,76.020652,3.0557529,517.38275,20.682212,0.0021166995,0,2.1166994,0,4.4102509,3.0578423,0.0053666772,0,5.3666769,0,5.1697388,206.72289,7.5464547,307.20788,11.954609,418.27714,7.7485026,1507.2492,29.907791
37,9e-05,1.0616981,75.858321,3.0518871,515.89633,20.599888,0.0021129924,0,2.1129923,0,4.3745471,2.9939943,0.005314332,0,5.3143318,0,5.0816878,204.6521,7.4358533,307.20788,11.954609,412.75941,7.6262077,1507.2492,29.907791
38,2.7e-05,1.043344,74.360779,3.0120303,515.66214,20.588917,0.002091475,0,2.0914749,0,4.3059265,3.0735927,0.0054741693,0,5.474169,0,5.0394045,208.96259,7.6057432,307.20788,11.954609,422.20318,7.8007114,1507.2492,29.907791
39,2.7e-05,1.0413914,74.224559,3.0065247,516.59602,20.654055,0.0020861277,0,2.0861276,0,4.2590708,2.9913368,0.0053382109,0,5.3382107,0,5.001327,202.68077,7.3859907,307.20788,11.954609,409.17328,7.5479206,1507.2492,29.907791
40,2.7e-05,1.0390825,74.231791,3.0023244,517.72198,20.691637,0.0020857534,0,2.0857533,0,4.2449335,3.038305,0.0054528423,0,5.452842,0,4.9894415,206.78058,7.5299893,307.20788,11.954609,418.73701,7.7331191,1507.2492,29.907791
41,2.7e-05,1.0382462,74.055701,3.000928,514.91546,20.588186,0.0020841339,0,2.0841338,0,4.2617831,3.0010142,0.0053877349,0,5.3877347,0,4.9365827,203.48949,7.407971,307.20788,11.954609,410.51685,7.5948816,1507.2492,29.907791
42,2.7e-05,1.0325645,73.684748,2.987461,517.2429,20.680509,0.002077275,0,2.0772749,0,4.2103296,3.0190544,0.0053408931,0,5.3408929,0,5.0637659,203.91851,7.4497549,307.20788,11.954609,412.92445,7.6470387,1507.2492,29.907791
43,2.7e-05,1.0341851,73.920825,2.9922183,516.27301,20.647236,0.0020794927,0,2.0794926,0,4.2038718,3.0323652,0.0054195515,0,5.4195512,0,5.0375213,205.73314,7.5040918,307.20788,11.954609,416.26858,7.7280765,1507.2492,29.907791
44,2.7e-05,1.0315777,73.867834,2.9839715,517.16964,20.685457,0.0020767843,0,2.0767842,0,4.2261862,3.0400895,0.0054697639,0,5.4697636,0,5.0110574,206.31202,7.5284525,307.20788,11.954609,417.81421,7.7359665,1507.2492,29.907791
45,2.7e-05,1.0249466,73.080055,2.9705452,516.09818,20.627129,0.0020670034,0,2.0670033,0,4.1662477,3.028988,0.005406037,0,5.4060368,0,5.0063655,205.62991,7.4926851,307.20788,11.954609,415.0791,7.6973988,1507.2492,29.907791
46,2.7e-05,1.0325938,73.647969,2.9871931,520.2112,20.7687,0.0020729652,0,2.0729651,0,4.1879054,3.0117893,0.0053594189,0,5.3594187,0,5.0300801,205.02238,7.4523033,307.20788,11.954609,415.0811,7.6399341,1507.2492,29.907791
47,2.7e-05,1.0322836,73.764525,2.9876349,517.56014,20.674568,0.0020716055,0,2.0716054,0,4.1981557,3.0279996,0.0054420808,0,5.4420805,0,4.9638515,206.68357,7.4992751,307.20788,11.954609,417.11953,7.6506224,1507.2492,29.907791
48,2.7e-05,1.0283609,73.356884,2.9779983,516.50485,20.635354,0.0020681982,0,2.0681981,0,4.1764206,3.0525186,0.005437838,0,5.4378378,0,5.0620848,206.18497,7.5330876,307.20788,11.954609,417.06974,7.7477827,1507.2492,29.907791
49,1e-05,1.0216464,72.98782,2.963056,517.91584,20.680293,0.0020625883,0,2.0625882,0,4.1935346,3.025818,0.0054738473,0,5.4738471,0,4.9329276,205.64034,7.4947987,307.20788,11.954609,415.68212,7.6857786,1507.2492,29.907791
50,1e-05,1.0239228,73.166884,2.9681904,517.55809,20.696259,0.002064636,0,2.0646359,0,4.1724914,3.0338366,0.0054247924,0,5.4247921,0,4.9831984,204.86052,7.4810215,307.20788,11.954609,413.60196,7.6689215,1507.2492,29.907791
51,1e-05,1.0230478,73.060799,2.9671621,517.11594,20.680902,0.0020642562,0,2.0642561,0,4.1302887,3.0354319,0.0054430719,0,5.4430716,0,4.9948219,206.3267,7.5194645,307.20788,11.954609,416.68356,7.7143623,1507.2492,29.907791
52,1e-05,1.0190431,72.958648,2.9575313,512.54117,20.52212,0.0020572329,0,2.0572328,0,4.153079,3.0169745,0.0054137692,0,5.413769,0,4.972511,204.4004,7.4580783,307.20788,11.954609,412.47009,7.6441586,1507.2492,29.907791
53,1e-05,1.0175631,72.769653,2.9565978,515.22551,20.614366,0.0020553134,0,2.0553133,0,4.13339,3.0283263,0.0054477436,0,5.4477433,0,4.9693571,205.40254,7.4840551,307.20788,11.954609,415.53829,7.680028,1507.2492,29.907791
54,1e-05,1.0183131,72.823675,2.9553718,514.99807,20.595416,0.0020567912,0,2.0567911,0,4.12748,3.0172187,0.0054305873,0,5.4305871,0,4.929125,203.7124,7.4349993,307.20788,11.954609,411.81347,7.6260732,1507.2492,29.907791
55,1e-05,1.0156335,72.414153,2.9486445,518.61692,20.70829,0.0020540462,0,2.0540461,0,4.1169732,3.0172402,0.0055057419,0,5.5057416,0,4.8826024,205.46641,7.4881766,307.20788,11.954609,414.67702,7.6771735,1507.2492,29.907791
56,1e-05,1.0149414,72.612242,2.9477813,516.69421,20.682003,0.0020527374,0,2.0527373,0,4.0772714,3.0814821,0.005547829,0,5.5478287,0,4.9945827,208.14235,7.6135953,307.20788,11.954609,421.51325,7.8277256,1507.2492,29.907791
57,1e-05,1.0209543,72.86397,2.9616185,515.80375,20.591114,0.0020623361,0,2.062336,0,4.1476562,3.0193988,0.005406935,0,5.4069347,0,4.9919164,205.38487,7.4757631,307.20788,11.954609,414.61996,7.6643625,1507.2492,29.907791
58,1e-05,1.0187934,72.547636,2.9569686,514.13168,20.573061,0.0020573387,0,2.0573386,0,4.1323844,3.1104683,0.0055723911,0,5.5723908,0,5.0330139,210.21237,7.6890355,307.20788,11.954609,427.0702,7.9198039,1507.2492,29.907791
59,1e-05,1.0187473,72.832085,2.9562519,515.29974,20.59389,0.0020575881,0,2.057588,0,4.1431451,3.0152301,0.0054573645,0,5.4573642,0,4.9327614,204.55652,7.4743523,307.20788,11.954609,414.23086,7.6858407,1507.2492,29.907791
60,1e-05,1.0219607,72.891245,2.9638004,519.55388,20.741408,0.0020587301,0,2.05873,0,4.1320794,3.0314419,0.005528954,0,5.5289537,0,4.9022528,207.09689,7.5158958,307.20788,11.954609,418.04244,7.6987617,1507.2492,29.907791
61,1e-05,1.023276,73.031681,2.9664522,517.49933,20.670076,0.0020629909,0,2.0629908,0,4.1286213,3.0656091,0.0054955697,0,5.4955694,0,5.0024262,206.81605,7.5645984,307.20788,11.954609,418.84217,7.7806432,1507.2492,29.907791
62,1e-05,1.0139771,72.422934,2.9464935,517.12258,20.676958,0.0020493022,0,2.0493021,0,4.138558,3.0604713,0.0055266829,0,5.5266827,0,4.9221416,207.52938,7.5621382,307.20788,11.954609,418.65142,7.7551368,1507.2492,29.907791
63,1e-05,1.021938,72.935743,2.9635519,513.20492,20.562303,0.0020613571,0,2.061357,0,4.1190419,3.0295595,0.0054359941,0,5.4359938,0,4.9912502,207.17708,7.5253799,307.20788,11.954609,418.36203,7.7173188,1507.2492,29.907791
64,1e-05,1.0200981,72.744376,2.9598371,517.81635,20.659838,0.0020593132,0,2.0593131,0,4.1407864,3.0397317,0.0055634409,0,5.5634406,0,4.8851378,206.73903,7.5403815,307.20788,11.954609,418.48287,7.7474842,1507.2492,29.907791
65,1e-05,1.016366,72.512251,2.9517069,515.4804,20.617261,0.0020515159,0,2.0515158,0,4.124719,3.0327509,0.0055162082,0,5.516208,0,4.8660544,205.3288,7.4899865,307.20788,11.954609,415.60416,7.6865794,1507.2492,29.907791
66,1e-05,1.0163391,72.504511,2.9506059,517.20016,20.670014,0.0020527338,0,2.0527337,0,4.1120165,3.0556358,0.0054591808,0,5.4591806,0,5.0112082,206.79194,7.5482239,307.20788,11.954609,417.82953,7.7404861,1507.2492,29.907791
67,1e-05,1.0170504,72.773562,2.9541964,517.2995,20.6665,0.0020512987,0,2.0512986,0,4.1088634,3.0299691,0.0054151657,0,5.4151655,0,4.9831342,205.86274,7.4832639,307.20788,11.954609,415.5126,7.6556024,1507.2492,29.907791
68,1e-05,1.0134172,72.150601,2.9441573,518.70781,20.72391,0.0020462203,0,2.0462202,0,4.1060227,3.0696703,0.0055302353,0,5.530235,0,4.9423886,208.55894,7.5881953,307.20788,11.954609,423.56503,7.7694045,1507.2492,29.907791
69,1e-05,1.019729,72.721889,2.958191,514.92936,20.594966,0.0020576308,0,2.0576307,0,4.1149718,3.0875982,0.005535245,0,5.5352447,0,5.0102802,209.68648,7.6385743,307.20788,11.954609,425.09651,7.832372,1507.2492,29.907791
70,1e-05,1.0122346,72.175973,2.9418851,516.93245,20.661692,0.00204557,0,2.0455699,0,4.0984588,3.0098283,0.0054455247,0,5.4455244,0,4.9383484,203.57527,7.4351883,307.20788,11.954609,411.47993,7.6267896,1507.2492,29.907791
71,1e-05,1.0149175,72.581262,2.9484302,517.14198,20.683176,0.0020496234,0,2.0496233,0,4.0954399,3.0116435,0.0053979058,0,5.3979055,0,4.9760646,203.70131,7.4360103,307.20788,11.954609,411.73332,7.6298838,1507.2492,29.907791
72,1e-05,1.0164324,72.468934,2.9516749,519.52465,20.743565,0.0020529085,0,2.0529084,0,4.0987806,3.0511608,0.0054196788,0,5.4196785,0,5.0416955,206.66198,7.5332827,307.20788,11.954609,417.37192,7.7267313,1507.2492,29.907791
73,1e-05,1.0208723,72.944491,2.961078,518.44663,20.731199,0.0020561991,0,2.056199,0,4.1069969,3.0012189,0.0053685805,0,5.3685802,0,4.9932209,203.51035,7.4201345,307.20788,11.954609,409.94989,7.6169804,1507.2492,29.907791
74,1e-05,1.0178504,72.691206,2.9551737,517.17041,20.668867,0.0020521046,0,2.0521045,0,4.1407699,3.0638746,0.0054752372,0,5.475237,0,4.9984018,207.07868,7.5547824,307.20788,11.954609,420.00869,7.7331098,1507.2492,29.907791
75,1e-05,1.0148352,72.509745,2.9477058,516.46753,20.643613,0.0020494407,0,2.0494406,0,4.1121997,3.0876915,0.0054871867,0,5.4871865,0,5.0634996,208.72086,7.6183755,307.20788,11.954609,423.39847,7.8220976,1507.2492,29.907791
76,1e-05,1.0085768,72.019573,2.9342405,519.059,20.715443,0.0020396053,0,2.0396052,0,4.0825412,3.0662662,0.0055306649,0,5.5306646,0,4.9674087,207.57345,7.5832274,307.20788,11.954609,421.01915,7.7974542,1507.2492,29.907791
77,1e-05,1.0141777,72.470459,2.9483594,519.21921,20.739038,0.0020499461,0,2.049946,0,4.0759448,3.0353267,0.0054531464,0,5.4531461,0,5.0149478,205.9226,7.5193198,307.20788,11.954609,417.79534,7.7432986,1507.2492,29.907791
78,1e-05,1.0149796,72.514482,2.9478534,516.05954,20.62709,0.0020490655,0,2.0490654,0,4.0983659,3.0205574,0.0054592801,0,5.4592798,0,4.9531374,204.94447,7.4666016,307.20788,11.954609,413.63138,7.6563433,1507.2492,29.907791
79,1e-05,1.0121952,72.142156,2.942684,517.28624,20.666723,0.0020482946,0,2.0482945,0,4.1080306,3.0639247,0.0054968748,0,5.4968746,0,4.9885468,207.50362,7.5612339,307.20788,11.954609,418.17651,7.7498778,1507.2492,29.907791
80,1e-05,1.0176498,72.583179,2.9548872,516.18749,20.648638,0.0020496941,0,2.049694,0,4.1099084,3.0357056,0.005438434,0,5.4384337,0,4.9964462,206.32176,7.5110729,307.20788,11.954609,416.1878,7.695961,1507.2492,29.907791
81,1e-05,1.0084197,71.946887,2.9343809,516.83307,20.653016,0.0020390041,0,2.039004,0,4.0920028,3.047731,0.0055321259,0,5.5321257,0,4.9182035,207.12755,7.5484124,307.20788,11.954609,419.17734,7.7465742,1507.2492,29.907791
82,1e-05,1.0053922,71.722243,2.9264579,516.11527,20.656491,0.0020362171,0,2.036217,0,4.0606054,3.0301212,0.0055067301,0,5.5067299,0,4.8983291,205.01978,7.4772584,307.20788,11.954609,414.23443,7.6570656,1507.2492,29.907791
83,1e-05,1.0074418,71.793596,2.9309631,516.88929,20.65069,0.0020380199,0,2.0380198,0,4.0358448,3.0755503,0.0055313977,0,5.5313974,0,4.9924592,208.08069,7.5994184,307.20788,11.954609,420.82518,7.7974672,1507.2492,29.907791
84,1e-05,1.011968,72.412148,2.9393297,516.50044,20.650421,0.0020442707,0,2.0442706,0,4.0858652,3.1057644,0.0055463551,0,5.5463548,0,5.0415898,209.52525,7.652657,307.20788,11.954609,424.71968,7.8575366,1507.2492,29.907791
85,1e-05,1.0133928,72.144875,2.9445273,515.78622,20.614855,0.0020473644,0,2.0473643,0,4.0686862,3.0689773,0.0055511529,0,5.5511526,0,4.9773568,207.44449,7.5873102,307.20788,11.954609,419.84565,7.7903456,1507.2492,29.907791
86,1e-05,1.009132,71.893612,2.9366894,518.44451,20.715347,0.002040462,0,2.0404619,0,4.0787718,3.0310701,0.0055159417,0,5.5159414,0,4.9498173,206.09196,7.5166521,307.20788,11.954609,417.21487,7.720766,1507.2492,29.907791
87,1e-05,1.0099523,71.819384,2.9354255,514.41639,20.583309,0.0020445078,0,2.0445077,0,4.0889958,3.0504716,0.0054779718,0,5.4779715,0,4.9993279,206.59124,7.5413919,307.20788,11.954609,418.33656,7.74779,1507.2492,29.907791
88,1e-05,1.0098349,72.041285,2.9368575,517.58478,20.681632,0.0020420107,0,2.0420106,0,4.0814527,3.0465617,0.005511855,0,5.5118547,0,4.93135,207.05752,7.5433939,307.20788,11.954609,418.0196,7.7337837,1507.2492,29.907791
89,1e-05,1.0076152,71.901534,2.9307716,515.08836,20.57952,0.0020369418,0,2.0369417,0,4.0499748,3.0787575,0.0055046438,0,5.5046435,0,5.0217975,208.66727,7.6102471,307.20788,11.954609,422.88961,7.8199109,1507.2492,29.907791
90,1e-05,1.006504,71.724196,2.9276691,515.18293,20.600134,0.0020375797,0,2.0375796,0,4.0477265,3.0768473,0.0056095357,0,5.6095354,0,4.9033685,208.91723,7.6156186,307.20788,11.954609,423.17994,7.8375723,1507.2492,29.907791
91,1e-05,1.003371,71.674851,2.9214516,515.16749,20.604054,0.0020315981,0,2.031598,0,4.0677363,2.9700562,0.0054511639,0,5.4511636,0,4.824611,201.91751,7.3569746,307.20788,11.954609,407.43878,7.5373021,1507.2492,29.907791
92,1e-05,1.0115281,72.113459,2.9405909,518.50946,20.722776,0.0020432291,0,2.043229,0,4.0533274,3.1071301,0.0056827601,0,5.6827598,0,4.9324758,209.59237,7.6891159,307.20788,11.954609,425.84635,7.9241686,1507.2492,29.907791
93,1e-05,1.0093611,71.920045,2.9339809,514.40073,20.59707,0.0020392768,0,2.0392767,0,4.0598117,3.0436368,0.0055299437,0,5.5299434,0,4.8869174,205.9265,7.516858,307.20788,11.954609,417.33822,7.711235,1507.2492,29.907791
94,1e-05,1.0050989,71.60233,2.9275713,515.45782,20.62016,0.0020360131,0,2.036013,0,4.0336145,3.0180476,0.0055115208,0,5.5115206,0,4.8826308,205.01988,7.464137,307.20788,11.954609,414.72358,7.6563253,1507.2492,29.907791
95,1e-05,1.0059384,71.548174,2.9286209,514.84983,20.585062,0.0020359623,0,2.0359622,0,4.0565868,3.0254395,0.0054838259,0,5.4838256,0,4.9272525,204.5399,7.4741197,307.20788,11.954609,413.71926,7.6487456,1507.2492,29.907791
96,1e-05,1.0064683,71.944608,2.9285136,517.81969,20.671515,0.0020376228,0,2.0376227,0,4.0587983,3.0237326,0.0054628935,0,5.4628933,0,4.9237503,204.97002,7.4607393,307.20788,11.954609,412.98778,7.6301311,1507.2492,29.907791
97,1e-05,1.0067172,71.902535,2.9299822,517.34973,20.663729,0.0020349118,0,2.0349117,0,4.0637768,3.028444,0.005459572,0,5.4595717,0,4.9438897,204.75584,7.4743625,307.20788,11.954609,413.95243,7.6722712,1507.2492,29.907791
98,1e-05,1.0031806,71.452539,2.9218065,513.51394,20.526297,0.0020302546,0,2.0302545,0,4.0035599,3.0057743,0.0054295104,0,5.4295101,0,4.9600158,203.96671,7.4381395,307.20788,11.954609,412.47509,7.6124324,1507.2492,29.907791
99,1e-05,1.000687,71.5078,2.9145624,517.28513,20.661981,0.0020282509,0,2.0282508,0,4.0270852,2.9926256,0.0054665074,0,5.4665072,0,4.8610781,203.60702,7.408221,307.20788,11.954609,410.56615,7.5839115,1507.2492,29.907791
100,1e-05,1.0072831,71.878027,2.9303823,515.35663,20.599932,0.0020385556,0,2.0385555,0,4.0352001,3.0077864,0.0055236476,0,5.5236474,0,4.8172735,204.53818,7.4288463,307.20788,11.954609,411.6982,7.5977507,1507.2492,29.907791
101,1e-05,1.0012423,71.394137,2.9163115,516.78388,20.638024,0.0020333065,0,2.0333064,0,4.0096575,3.0190704,0.0054819051,0,5.4819048,0,4.9144309,205.3413,7.4625186,307.20788,11.954609,413.24234,7.6290983,1507.2492,29.907791
102,1e-05,1.0031157,71.399412,2.9200301,516.0307,20.636932,0.0020328707,0,2.0328706,0,4.0478132,3.0226061,0.0054831912,0,5.4831909,0,4.9030088,204.82561,7.465172,307.20788,11.954609,413.93317,7.6645518,1507.2492,29.907791
103,1e-05,0.99986877,71.157209,2.9136524,516.55713,20.658754,0.0020253051,0,2.025305,0,4.0382925,3.1068876,0.0056665798,0,5.6665796,0,4.8994603,211.12519,7.6797089,307.20788,11.954609,427.94907,7.8985193,1507.2492,29.907791
104,1e-05,1.0011207,71.518072,2.9159801,518.10864,20.689985,0.0020317892,0,2.0317891,0,4.0112561,3.0417798,0.0055883435,0,5.5883432,0,4.8464651,206.83925,7.5230924,307.20788,11.954609,418.66963,7.7139633,1507.2492,29.907791
105,1e-05,1.0015865,71.577967,2.9187959,517.95488,20.714457,0.0020301933,0,2.0301932,0,4.0205522,3.0277283,0.005494136,0,5.4941358,0,4.8942823,205.417,7.4850278,307.20788,11.954609,414.66114,7.6519631,1507.2492,29.907791
106,1e-05,1.0021251,71.304308,2.9180067,515.43686,20.615603,0.0020296615,0,2.0296614,0,4.0203098,3.0622519,0.0055953325,0,5.5953322,0,4.8896383,207.74943,7.5703382,307.20788,11.954609,418.89636,7.7549845,1507.2492,29.907791
107,1e-05,1.0024219,71.50882,2.9197558,517.33307,20.679483,0.0020297896,0,2.0297895,0,4.0412338,3.0153307,0.0055000904,0,5.5000901,0,4.8821493,203.91611,7.4499105,307.20788,11.954609,412.94367,7.6316682,1507.2492,29.907791
108,1e-05,0.99841388,71.022504,2.9086865,518.37945,20.712898,0.0020232628,0,2.0232627,0,3.992994,3.0231275,0.0054698997,0,5.4698994,0,4.9306315,204.82528,7.4633459,307.20788,11.954609,413.94468,7.6250413,1507.2492,29.907791
109,1e-05,1.0030033,71.538848,2.9208982,516.46121,20.62052,0.0020338828,0,2.0338827,0,4.0007949,3.033007,0.0054948329,0,5.4948326,0,4.9459511,205.60678,7.5047097,307.20788,11.954609,415.46337,7.7015308,1507.2492,29.907791
110,1e-05,0.99793362,71.081824,2.9091495,515.61507,20.606017,0.0020268506,0,2.0268505,0,4.0257744,3.044938,0.0055350068,0,5.5350066,0,4.90179,205.80572,7.5139832,307.20788,11.954609,415.82218,7.6956381,1507.2492,29.907791
111,1e-05,1.0032427,71.314346,2.9221783,516.82174,20.641223,0.0020319111,0,2.031911,0,4.0244805,2.9952879,0.0055966594,0,5.5966591,0,4.7394835,203.08669,7.4105333,307.20788,11.954609,410.10314,7.6071947,1507.2492,29.907791
112,1e-05,1.0024684,71.551668,2.9211659,512.7273,20.534875,0.0020319362,0,2.0319361,0,4.0295662,3.0453164,0.005553141,0,5.5531407,0,4.8623554,206.93083,7.5195016,307.20788,11.954609,416.82362,7.6974391,1507.2492,29.907791
113,1e-05,0.99589976,70.946142,2.9039794,515.45368,20.595111,0.0020208146,0,2.0208145,0,4.0147838,3.0196217,0.0055330298,0,5.5330296,0,4.8847191,203.95919,7.4577576,307.20788,11.954609,413.18997,7.6675138,1507.2492,29.907791
114,1e-05,1.0025061,71.566099,2.9191314,515.59219,20.623902,0.0020295838,0,2.0295837,0,3.9991605,3.033173,0.0054886042,0,5.4886039,0,4.909141,205.61386,7.4827983,307.20788,11.954609,414.00293,7.6626966,1507.2492,29.907791
115,1e-05,0.99975747,71.324543,2.9141911,512.77897,20.527221,0.0020231162,0,2.0231161,0,4.0110039,3.0538529,0.005503827,0,5.5038267,0,4.9514744,206.6698,7.536623,307.20788,11.954609,417.97776,7.747422,1507.2492,29.907791
116,1e-05,0.99645218,71.098873,2.9073645,515.92839,20.613012,0.0020233004,0,2.0233003,0,3.9964825,3.0415573,0.0055787597,0,5.5787594,0,4.8264584,206.39149,7.5112312,307.20788,11.954609,417.27111,7.7108224,1507.2492,29.907791
117,1e-05,0.99707977,70.981532,2.9081206,517.70061,20.694554,0.0020246861,0,2.024686,0,3.9916404,3.0008299,0.0054859631,0,5.4859629,0,4.88182,203.23818,7.4067904,307.20788,11.954609,408.9859,7.5726787,1507.2492,29.907791
118,1e-05,0.99447447,70.881403,2.9009597,516.22765,20.62765,0.0020189499,0,2.0189498,0,3.9919641,3.0093325,0.0055271554,0,5.5271551,0,4.8269021,205.56046,7.4508465,307.20788,11.954609,414.45812,7.615544,1507.2492,29.907791
119,1e-05,0.99684443,71.069422,2.9049481,517.92325,20.683789,0.0020249305,0,2.0249304,0,3.9973451,3.0212238,0.0055252098,0,5.5252096,0,4.8624944,205.00318,7.4680147,307.20788,11.954609,413.93568,7.6698055,1507.2492,29.907791
120,1e-05,1.0009779,71.275254,2.9164846,518.12916,20.688697,0.0020296085,0,2.0296084,0,4.0183713,3.0405312,0.0055956953,0,5.595695,0,4.85292,206.59321,7.5236667,307.20788,11.954609,417.28194,7.7179158,1507.2492,29.907791
121,1e-05,0.99113476,70.510249,2.8930885,516.71069,20.676452,0.0020130937,0,2.0130936,0,3.9812335,3.0124489,0.0054642741,0,5.4642739,0,4.897641,205.04907,7.4618367,307.20788,11.954609,414.60211,7.6303137,1507.2492,29.907791
122,1e-05,0.99295063,70.946905,2.8977526,516.94664,20.661252,0.0020166892,0,2.0166891,0,3.9799668,3.0334919,0.0055397893,0,5.539789,0,4.8507289,205.82574,7.4983187,307.20788,11.954609,415.78842,7.6940987,1507.2492,29.907791
123,1e-05,0.99299472,70.715005,2.8980316,513.89527,20.591997,0.0020182529,0,2.0182528,0,3.9421036,3.0506259,0.0055385176,0,5.5385173,0,4.9154164,206.47603,7.5329792,307.20788,11.954609,417.24736,7.7137269,1507.2492,29.907791
124,1e-05,0.99375914,70.77276,2.9007477,515.38395,20.613419,0.0020175952,0,2.0175951,0,3.9640753,3.1016898,0.0057323639,0,5.7323636,0,4.8252753,209.14037,7.6388049,307.20788,11.954609,424.75632,7.8556848,1507.2492,29.907791
125,1e-05,0.99630326,70.90949,2.9060126,518.5009,20.684494,0.0020231932,0,2.0231931,0,3.9962823,3.038775,0.0055636944,0,5.5636941,0,4.8419858,207.20177,7.5243232,307.20788,11.954609,418.65402,7.7131733,1507.2492,29.907791
126,1e-05,0.99532155,70.860475,2.9039228,516.08527,20.64086,0.0020181757,0,2.0181756,0,3.9744762,3.1310581,0.0056453668,0,5.6453665,0,4.9872488,211.68794,7.7206312,307.20788,11.954609,429.87274,7.9393124,1507.2492,29.907791
127,1e-05,0.99095727,70.683467,2.8929454,519.1147,20.72111,0.0020125336,0,2.0125335,0,3.9749717,3.0580801,0.0055571536,0,5.5571533,0,4.8754825,206.69643,7.5333497,307.20788,11.954609,417.48558,7.7102967,1507.2492,29.907791
128,1e-05,0.99247481,70.905794,2.8973431,516.76823,20.657358,0.0020154761,0,2.0154761,0,3.9401807,3.0358245,0.0055576382,0,5.5576379,0,4.856659,206.85544,7.5101245,307.20788,11.954609,417.14798,7.69762,1507.2492,29.907791
129,1e-05,0.99389454,70.787082,2.8993765,517.45041,20.702671,0.0020192953,0,2.0192952,0,3.9698658,3.0782442,0.0056266054,0,5.6266051,0,4.881113,208.72475,7.6015843,307.20788,11.954609,421.56421,7.7959258,1507.2492,29.907791
130,1e-05,0.99057544,70.573303,2.8915415,517.23623,20.704118,0.0020125915,0,2.0125914,0,3.9909881,3.0356812,0.0055450102,0,5.54501,0,4.8531118,205.48421,7.4990719,307.20788,11.954609,415.4154,7.7027599,1507.2492,29.907791
131,1e-05,0.99244367,70.683291,2.8968284,514.31957,20.590313,0.0020163922,0,2.0163921,0,3.9774757,3.0329428,0.0055606561,0,5.5606558,0,4.868453,205.91131,7.503221,307.20788,11.954609,416.94322,7.700325,1507.2492,29.907791
132,1e-05,0.99122287,70.693135,2.893696,519.02412,20.708695,0.0020134034,0,2.0134033,0,3.9493386,3.0608326,0.0056176581,0,5.6176578,0,4.8635666,207.23838,7.5667589,307.20788,11.954609,419.80989,7.7532954,1507.2492,29.907791
133,1e-05,0.98930138,70.317558,2.8888833,516.0497,20.626953,0.0020115952,0,2.0115952,0,3.9587527,3.0267391,0.0055842303,0,5.58423,0,4.8019227,206.66881,7.5083145,307.20788,11.954609,417.11202,7.7120816,1507.2492,29.907791
134,1e-05,0.99129392,70.676682,2.8948262,515.58191,20.612676,0.0020114856,0,2.0114855,0,3.9415966,3.0405795,0.0055254796,0,5.5254793,0,4.87258,206.03738,7.5034138,307.20788,11.954609,415.92788,7.6818349,1507.2492,29.907791
135,1e-05,0.98532317,70.312989,2.8813353,514.66431,20.586712,0.0020038497,0,2.0038496,0,3.9216844,3.0323439,0.005532968,0,5.5329678,0,4.8907537,205.33931,7.4969165,307.20788,11.954609,416.0137,7.6924936,1507.2492,29.907791
136,1e-05,0.99234304,70.610354,2.8951397,515.58805,20.596574,0.0020142774,0,2.0142773,0,3.9667485,3.0272536,0.0055045093,0,5.504509,0,4.8873273,206.04053,7.4865436,307.20788,11.954609,416.90184,7.6670405,1507.2492,29.907791
137,1e-05,0.99088083,70.701735,2.8928353,517.29499,20.646769,0.0020128151,0,2.012815,0,3.9654228,3.0606442,0.0055987725,0,5.5987723,0,4.885601,207.11313,7.5608636,307.20788,11.954609,419.87925,7.7623868,1507.2492,29.907791
138,1e-05,0.9876588,70.228443,2.8843906,516.18226,20.623665,0.0020096607,0,2.0096606,0,3.9453146,3.0294554,0.0055744196,0,5.5744194,0,4.8338739,205.25385,7.4726624,307.20788,11.954609,415.50194,7.6437478,1507.2492,29.907791
139,1e-05,0.98857593,70.34446,2.8859247,515.52464,20.59866,0.0020099857,0,2.0099856,0,3.9527113,3.0302484,0.005574268,0,5.5742677,0,4.827121,204.85462,7.4738486,307.20788,11.954609,414.78046,7.6679118,1507.2492,29.907791
140,1e-05,0.98931924,70.625101,2.8898204,516.75163,20.678934,0.00200961,0,2.0096099,0,3.9288436,3.1129029,0.0056225886,0,5.6225884,0,4.9513699,210.09218,7.6646797,307.20788,11.954609,425.40717,7.87845,1507.2492,29.907791
141,1e-05,0.98858858,70.547784,2.8881171,517.69286,20.702648,0.0020110943,0,2.0110942,0,3.9767762,3.0755427,0.0056257842,0,5.6257839,0,4.8587065,208.21987,7.5880754,307.20788,11.954609,423.04816,7.7946573,1507.2492,29.907791
142,1e-05,0.98344028,69.882908,2.8752077,515.32391,20.591497,0.0020026557,0,2.0026556,0,3.9181107,3.0558326,0.005598434,0,5.5984337,0,4.8455851,206.00976,7.5300163,307.20788,11.954609,417.14105,7.7418285,1507.2492,29.907791
143,1e-05,0.98348099,69.887853,2.8761718,518.56764,20.665098,0.0020034299,0,2.0034298,0,3.8958483,3.0183473,0.0056150684,0,5.6150681,0,4.7559443,204.82724,7.4622312,307.20788,11.954609,414.27714,7.6499116,1507.2492,29.907791
144,1e-05,0.98508148,70.124419,2.8792613,516.74878,20.658075,0.0020031784,0,2.0031783,0,3.9284784,3.0518679,0.0056808759,0,5.6808757,0,4.7549696,206.79761,7.5443802,307.20788,11.954609,419.20867,7.7509341,1507.2492,29.907791
145,1e-05,0.98225255,69.802161,2.8723484,518.74167,20.711792,0.0020022204,0,2.0022203,0,3.9038866,3.0508878,0.0056710522,0,5.6710519,0,4.7731737,206.92777,7.5459487,307.20788,11.954609,417.99252,7.748585,1507.2492,29.907791
146,1e-05,0.98391055,69.914438,2.8773922,520.50443,20.750891,0.0020061223,0,2.0061223,0,3.9162861,3.0871428,0.0057033491,0,5.7033488,0,4.8208932,209.43797,7.6274583,307.20788,11.954609,423.20904,7.8351668,1507.2492,29.907791
147,1e-05,0.98369621,70.156592,2.877444,517.70095,20.651216,0.0020042431,0,2.004243,0,3.9041725,3.0484527,0.0056336788,0,5.6336786,0,4.8272632,207.08668,7.5541033,307.20788,11.954609,418.27162,7.7484267,1507.2492,29.907791
148,1e-05,0.98429235,70.059573,2.8784987,516.32525,20.642697,0.0020011294,0,2.0011293,0,3.9263718,3.0951368,0.0055918771,0,5.5918769,0,4.9331148,209.13086,7.6300533,307.20788,11.954609,422.54724,7.8276427,1507.2492,29.907791
149,1e-05,0.98414628,70.069902,2.8772055,518.20956,20.698311,0.002002208,0,2.0022079,0,3.9149918,3.06289,0.0056939881,0,5.6939878,0,4.771679,207.43135,7.5661233,307.20788,11.954609,420.11657,7.7669515,1507.2492,29.907791
150,1e-05,0.98361773,70.243378,2.8768496,517.06363,20.673245,0.0019978032,0,1.9978031,0,3.9057618,3.0857205,0.0056731009,0,5.6731006,0,4.8315276,208.47023,7.611681,307.20788,11.954609,422.48882,7.828209,1507.2492,29.907791
151,1e-05,0.98394139,70.115823,2.8776166,517.4972,20.692695,0.002004033,0,2.004033,0,3.89955,3.0336744,0.0055807659,0,5.5807656,0,4.8412651,206.08895,7.5135628,307.20788,11.954609,416.89541,7.7041728,1507.2492,29.907791
152,1e-05,0.98070773,69.736413,2.8709629,517.21616,20.636646,0.0020000582,0,2.0000581,0,3.907566,3.0691156,0.0057001609,0,5.7001606,0,4.7901799,206.81913,7.5646071,307.20788,11.954609,419.21465,7.7778347,1507.2492,29.907791
153,1e-05,0.97996192,69.760088,2.8674948,517.68025,20.689076,0.0019967055,0,1.9967054,0,3.9032047,3.0175156,0.0056164441,0,5.6164438,0,4.7628163,204.54747,7.4553769,307.20788,11.954609,413.65814,7.6384522,1507.2492,29.907791
154,1e-05,0.97943717,69.666889,2.8673159,520.58896,20.772344,0.0019960155,0,1.9960154,0,3.8725503,3.0639877,0.0057348704,0,5.7348702,0,4.7346826,207.21766,7.5651621,307.20788,11.954609,420.18052,7.7797442,1507.2492,29.907791
155,1e-05,0.98334385,69.668605,2.8745112,517.46621,20.66206,0.0020055467,0,2.0055466,0,3.8993371,3.0793619,0.0057088873,0,5.7088871,0,4.8089553,209.08579,7.6215612,307.20788,11.954609,422.20254,7.8138081,1507.2492,29.907791
156,1e-05,0.98436693,69.988434,2.8787233,515.60186,20.619483,0.0020044264,0,2.0044263,0,3.9168437,3.1078971,0.0057331611,0,5.7331608,0,4.8178013,210.16551,7.6642263,307.20788,11.954609,424.24457,7.8638849,1507.2492,29.907791
157,1e-05,0.97800323,69.474843,2.8641438,516.05872,20.621768,0.0019946089,0,1.9946088,0,3.8911522,3.0742895,0.0057186259,0,5.7186256,0,4.8101657,208.13707,7.6103726,307.20788,11.954609,421.70176,7.8347895,1507.2492,29.907791
158,1e-05,0.97967246,69.609951,2.8672971,515.98737,20.614372,0.0019962718,0,1.9962717,0,3.8943655,3.0534169,0.0056222874,0,5.6222872,0,4.8119483,207.10724,7.547935,307.20788,11.954609,418.5268,7.7435095,1507.2492,29.907791
159,1e-05,0.98522534,70.004752,2.8796709,517.70443,20.64369,0.0020040759,0,2.0040758,0,3.9173213,2.9951407,0.005591046,0,5.5910457,0,4.7563472,202.94628,7.4068414,307.20788,11.954609,409.93177,7.5924914,1507.2492,29.907791
160,1e-05,0.98033289,69.597842,2.8693306,516.92224,20.648826,0.0019987312,0,1.9987311,0,3.9072819,3.0785897,0.0056529625,0,5.6529623,0,4.8421533,208.04833,7.586703,307.20788,11.954609,420.78615,7.7774312,1507.2492,29.907791
161,1e-05,0.98305548,69.904634,2.8742712,515.28042,20.588686,0.002001838,0,2.0018379,0,3.9114085,3.0552142,0.005562065,0,5.5620648,0,4.8955815,206.82604,7.5405214,307.20788,11.954609,417.61652,7.7334465,1507.2492,29.907791
162,1e-05,0.98042919,69.791266,2.8691397,516.30909,20.636897,0.002000298,0,2.0002979,0,3.9018038,3.0236607,0.0055557373,0,5.555737,0,4.8072929,205.32585,7.4828856,307.20788,11.954609,413.93831,7.6751716,1507.2492,29.907791
163,1e-05,0.98306542,70.004701,2.8760131,518.6707,20.720272,0.0019965664,0,1.9965663,0,3.8992683,3.0331925,0.0055522785,0,5.5522782,0,4.8346554,204.88963,7.4758888,307.20788,11.954609,413.02263,7.6417139,1507.2492,29.907791
164,1e-05,0.97906435,69.644439,2.8653794,520.36031,20.782321,0.0019982951,0,1.998295,0,3.8878646,3.0953785,0.0056540697,0,5.6540695,0,4.8457209,209.48936,7.6294013,307.20788,11.954609,423.61141,7.8291596,1507.2492,29.907791
165,1e-05,0.98099601,69.770981,2.8713577,516.05035,20.609567,0.0019963463,0,1.9963462,0,3.9044245,3.0311354,0.0057000045,0,5.7000042,0,4.7180767,205.52249,7.5064796,307.20788,11.954609,415.84588,7.719444,1507.2492,29.907791
166,1e-05,0.98045046,69.777322,2.8699839,513.64023,20.562551,0.0020000286,0,2.0000285,0,3.8908747,3.0321133,0.0056329551,0,5.6329549,0,4.7796404,205.04641,7.4907812,307.20788,11.954609,413.54904,7.6925414,1507.2492,29.907791
167,1e-05,0.97940263,69.783947,2.8657779,515.80166,20.639961,0.001996276,0,1.9962759,0,3.9104618,3.0644495,0.0056362081,0,5.6362078,0,4.8128531,207.11348,7.5383891,307.20788,11.954609,418.26681,7.7205753,1507.2492,29.907791
168,1e-05,0.97711483,69.634145,2.8615502,515.72664,20.576974,0.0019920484,0,1.9920483,0,3.870737,3.052721,0.0056338204,0,5.6338201,0,4.8427165,206.78825,7.5424276,307.20788,11.954609,418.06451,7.7360247,1507.2492,29.907791
169,1e-05,0.97644632,69.588156,2.860836,516.04544,20.635503,0.0019902716,0,1.9902715,0,3.8694921,3.0571464,0.0056661882,0,5.6661879,0,4.7971648,207.18213,7.5556756,307.20788,11.954609,418.49701,7.7479775,1507.2492,29.907791
170,1e-05,0.97416583,69.249714,2.8541082,515.89361,20.650337,0.0019889595,0,1.9889594,0,3.8601932,3.0655803,0.0056419275,0,5.6419273,0,4.8399803,207.13786,7.5621973,307.20788,11.954609,420.19081,7.7659483,1507.2492,29.907791
171,1e-05,0.97440991,69.434388,2.8554019,517.7281,20.676204,0.0019879872,0,1.9879871,0,3.8523716,3.0297061,0.0056405014,0,5.6405012,0,4.7376406,206.82104,7.5092378,307.20788,11.954609,417.56817,7.6915199,1507.2492,29.907791
172,1e-05,0.97953376,69.481848,2.8665832,518.73256,20.731671,0.0019945589,0,1.9945588,0,3.8790378,3.0364881,0.005591838,0,5.5918377,0,4.8279056,205.78665,7.5120453,307.20788,11.954609,415.46428,7.7154723,1507.2492,29.907791
173,1e-05,0.9759242,69.571883,2.8588547,517.91903,20.672532,0.0019924788,0,1.9924787,0,3.8754584,3.0168772,0.0055684485,0,5.5684483,0,4.7969233,204.22775,7.4619534,307.20788,11.954609,413.32971,7.6731977,1507.2492,29.907791
174,1e-05,0.97065598,69.164284,2.8477579,514.02511,20.555461,0.0019828895,0,1.9828894,0,3.8436131,3.0651868,0.0056931055,0,5.6931052,0,4.7755093,206.99549,7.5541376,307.20788,11.954609,418.26456,7.7395367,1507.2492,29.907791
175,1e-05,0.97771974,69.591399,2.8628234,518.58482,20.697837,0.0019936508,0,1.9936507,0,3.8584418,3.0882153,0.0057063105,0,5.7063102,0,4.8196563,209.30184,7.6293525,307.20788,11.954609,422.31873,7.8273855,1507.2492,29.907791
176,1e-05,0.97594431,69.354084,2.8581299,516.20135,20.666269,0.0019915276,0,1.9915275,0,3.8659398,3.0750404,0.0056686719,0,5.6686716,0,4.8548153,207.95096,7.5877059,307.20788,11.954609,421.17272,7.7907572,1507.2492,29.907791
177,1e-05,0.97167932,69.161944,2.8499741,517.023,20.661961,0.0019853038,0,1.9853037,0,3.8722392,2.996763,0.0056194668,0,5.6194666,0,4.6972127,202.31034,7.4021069,307.20788,11.954609,409.00222,7.6095468,1507.2492,29.907791
178,1e-05,0.97941028,69.571729,2.8663836,516.93836,20.684127,0.001997255,0,1.9972549,0,3.8692597,3.1024969,0.0057412209,0,5.7412206,0,4.7986366,209.68561,7.6423826,307.20788,11.954609,424.84528,7.8503954,1507.2492,29.907791
179,1e-05,0.97345928,69.383897,2.8538324,518.86292,20.743353,0.0019860726,0,1.9860725,0,3.8600307,3.04748,0.0056666048,0,5.6666045,0,4.7330893,205.90076,7.5063233,307.20788,11.954609,415.27248,7.6697412,1507.2492,29.907791
180,1e-05,0.97674468,69.556418,2.8602833,516.78538,20.658923,0.0019940991,0,1.994099,0,3.8693441,3.0902812,0.005708822,0,5.7088217,0,4.7748562,208.36098,7.6100404,307.20788,11.954609,421.26013,7.8324731,1507.2492,29.907791
181,1e-05,0.97619524,69.448707,2.8592032,519.85483,20.755331,0.0019893212,0,1.9893211,0,3.8656483,3.0137803,0.0055168786,0,5.5168783,0,4.8206349,204.17337,7.4383729,307.20788,11.954609,411.65877,7.6187142,1507.2492,29.907791
182,1e-05,0.97134756,69.145772,2.8478111,518.7438,20.714508,0.0019864477,0,1.9864477,0,3.8584474,3.0320622,0.0056066775,0,5.6066773,0,4.7869164,205.93532,7.4957882,307.20788,11.954609,415.0594,7.652567,1507.2492,29.907791
183,1e-05,0.97483124,69.402373,2.8581426,519.5654,20.770671,0.001987841,0,1.9878409,0,3.8554976,3.0312093,0.0055645654,0,5.5645651,0,4.8402083,205.59664,7.4940868,307.20788,11.954609,414.38972,7.6579479,1507.2492,29.907791
184,1e-05,0.97234869,69.070889,2.8504889,516.77772,20.642884,0.0019858768,0,1.9858767,0,3.8657786,3.0623508,0.0056709782,0,5.6709779,0,4.765189,208.06504,7.5753498,307.20788,11.954609,420.0474,7.7726882,1507.2492,29.907791
185,1e-05,0.97134572,68.863443,2.8471491,517.68199,20.690757,0.0019849228,0,1.9849227,0,3.8401445,3.0266149,0.0056131717,0,5.6131715,0,4.7677155,204.95802,7.4715303,307.20788,11.954609,414.28631,7.6617821,1507.2492,29.907791
186,1e-05,0.96698319,68.761002,2.8381469,517.8907,20.670814,0.0019753726,0,1.9753725,0,3.8317535,3.0539299,0.005624197,0,5.6241967,0,4.8161181,206.06334,7.5256108,307.20788,11.954609,416.75935,7.7145209,1507.2492,29.907791
187,1e-05,0.96964866,69.2796,2.8440234,514.89716,20.605464,0.0019796842,0,1.9796841,0,3.8411946,3.0466999,0.0056463664,0,5.6463661,0,4.7706866,206.96966,7.5399508,307.20788,11.954609,418.10455,7.7177865,1507.2492,29.907791
188,1e-05,0.9676859,68.668275,2.8408097,516.40024,20.642472,0.0019804973,0,1.9804972,0,3.7936327,3.0936465,0.0057714943,0,5.771494,0,4.7413046,209.65424,7.6385789,307.20788,11.954609,424.04244,7.8149914,1507.2492,29.907791
189,1e-05,0.96984228,68.945321,2.8444045,518.33424,20.699679,0.0019793121,0,1.979312,0,3.8227944,3.0768403,0.0057701643,0,5.770164,0,4.6936557,207.33401,7.5788802,307.20788,11.954609,420.40015,7.7739384,1507.2492,29.907791
190,1e-05,0.9680606,68.758455,2.8415766,518.74761,20.698154,0.001979887,0,1.9798869,0,3.8407989,3.0973631,0.0057216848,0,5.7216845,0,4.7943808,209.54014,7.6313374,307.20788,11.954609,423.98413,7.8153925,1507.2492,29.907791
191,1e-05,0.97287145,69.149077,2.8523474,516.1088,20.628543,0.0019838363,0,1.9838362,0,3.8395668,3.0711966,0.0056970926,0,5.6970923,0,4.7390698,208.14257,7.5739288,307.20788,11.954609,419.36903,7.7528569,1507.2492,29.907791
192,1e-05,0.97224053,69.141462,2.8514478,517.29932,20.696538,0.0019827838,0,1.9827837,0,3.8477868,3.0191647,0.0056678504,0,5.6678501,0,4.6762497,203.75666,7.4427856,307.20788,11.954609,411.95694,7.6291629,1507.2492,29.907791
193,1e-05,0.97394203,69.269753,2.8540941,519.65466,20.76173,0.0019886752,0,1.9886751,0,3.8342014,3.0838325,0.0056731243,0,5.6731241,0,4.8304639,208.88622,7.6160748,307.20788,11.954609,422.98312,7.8296282,1507.2492,29.907791
194,1e-05,0.97291638,69.100983,2.8525378,517.26831,20.662946,0.0019893837,0,1.9893836,0,3.8533786,3.0715909,0.0056699922,0,5.6699919,0,4.820931,209.01888,7.5961988,307.20788,11.954609,421.14862,7.7793362,1507.2492,29.907791
195,1e-05,0.9681169,68.857665,2.8428625,515.63882,20.626085,0.0019783563,0,1.9783562,0,3.8644186,3.0626177,0.0056454748,0,5.6454746,0,4.8039713,207.2676,7.5533171,307.20788,11.954609,419.19997,7.7542762,1507.2492,29.907791
196,1e-05,0.96922941,68.863108,2.8431703,516.63579,20.676279,0.0019809011,0,1.980901,0,3.8326555,3.0362063,0.0055827443,0,5.5827441,0,4.8073863,206.30265,7.5028311,307.20788,11.954609,417.54045,7.6927728,1507.2492,29.907791
197,1e-05,0.97077656,69.124329,2.8471765,516.09656,20.647465,0.0019823923,0,1.9823922,0,3.8192563,3.0447429,0.00565229,0,5.6522897,0,4.7587013,206.83646,7.5196862,307.20788,11.954609,417.85916,7.712458,1507.2492,29.907791
198,1e-05,0.96704602,68.787328,2.8384513,512.50048,20.53537,0.0019722372,0,1.9722371,0,3.8106413,2.9898182,0.0055575659,0,5.5575656,0,4.7360523,203.36268,7.4022999,307.20788,11.954609,410.75531,7.574062,1507.2492,29.907791
199,1e-05,0.97013151,68.991796,2.8461678,519.52807,20.744844,0.0019837851,0,1.983785,0,3.8202877,3.0446599,0.0057225364,0,5.7225361,0,4.7114347,206.77762,7.5392624,307.20788,11.954609,417.90762,7.7341736,1507.2492,29.907791
200,1e-05,0.96581463,68.718845,2.8359567,517.16576,20.6881,0.0019729953,0,1.9729952,0,3.8367182,3.0380606,0.0056752991,0,5.6752988,0,4.7401369,205.86802,7.502232,307.20788,11.954609,416.09815,7.6791584,1507.2492,29.907791
201,1e-05,0.96885473,68.714148,2.840919,516.34258,20.624192,0.001979625,0,1.9796249,0,3.7993163,3.0501294,0.0056777137,0,5.6777135,0,4.7555264,206.42941,7.5343424,307.20788,11.954609,417.79517,7.7485154,1507.2492,29.907791
202,1e-05,0.96949057,68.971293,2.84511,513.45368,20.562408,0.0019804026,0,1.9804025,0,3.8368323,3.1107428,0.0058221404,0,5.8221401,0,4.784364,209.40142,7.670209,307.20788,11.954609,425.3961,7.9072946,1507.2492,29.907791
203,1e-05,0.96246772,68.47472,2.8283859,516.75384,20.639377,0.0019728427,0,1.9728426,0,3.8034142,3.0314114,0.0056566597,0,5.6566595,0,4.7450774,205.9569,7.5060855,307.20788,11.954609,416.77712,7.6974061,1507.2492,29.907791
204,1e-05,0.96742817,68.578875,2.8384806,518.06357,20.682361,0.0019807818,0,1.9807817,0,3.7949489,3.0663909,0.005714902,0,5.7149017,0,4.7671985,206.58242,7.5596407,307.20788,11.954609,418.9736,7.7862929,1507.2492,29.907791
205,1e-05,0.96435079,68.608883,2.8327161,515.67852,20.641025,0.0019747148,0,1.9747147,0,3.8208164,3.0468537,0.0057470747,0,5.7470744,0,4.6884957,206.67167,7.5465775,307.20788,11.954609,417.99272,7.7665717,1507.2492,29.907791
206,1e-05,0.96923978,68.898075,2.8441913,517.13056,20.68907,0.0019822205,0,1.9822205,0,3.8224693,3.0338695,0.0057556896,0,5.7556893,0,4.6501472,205.92203,7.4954486,307.20788,11.954609,415.05681,7.6896762,1507.2492,29.907791
207,1e-05,0.96578642,68.836564,2.8359208,516.59448,20.638803,0.0019758256,0,1.9758255,0,3.8429895,3.0654379,0.0057310771,0,5.7310768,0,4.7281914,206.40959,7.5441684,307.20788,11.954609,418.26501,7.7199467,1507.2492,29.907791
