epoch,train_loss,val_loss,train_cov_loss,val_cov_loss,train_vel_rmse,train_vel_max_error,train_vel_rmse_x,train_vel_rmse_y,train_vel_rmse_z,train_vel_dir_rmse,train_vel_dir_max_error,val_vel_rmse,val_vel_max_error,val_vel_rmse_x,val_vel_rmse_y,val_vel_rmse_z,val_vel_dir_rmse,val_vel_dir_max_error,val_baseline_vel_rmse,val_baseline_vel_rmse_y,val_baseline_vel_dir_rmse,val_skill_vs_mean_x,val_skill_vs_mean_y,val_skill_vs_mean_z,train_direction_loss,learning_rate,train_visual_kept_fraction,val_visual_kept_fraction,correlation_temperature
1,3.651234,0.018632,5.030767,1.535735,7.173045,53.351742,5.834808,3.968456,1.288004,11.008265,37.050396,5.053687,39.297100,3.560981,3.430026,1.045988,9.209226,35.492294,4.492338,3.334729,9.038590,-0.258532,-0.028577,-0.018474,-2.759066,0.002400,1.000000,1.000000,0.030451
2,-0.477698,-0.276243,1.140220,1.355311,4.670493,33.454132,2.452830,3.898453,0.774075,10.814587,33.007664,4.552539,17.808395,3.120515,3.190765,0.898340,8.513130,23.472973,4.492338,3.334729,9.038590,-0.102861,0.043171,0.125291,-3.235836,0.002400,1.000000,1.000000,0.030409
3,-0.530856,-0.371744,1.075399,1.263133,4.571152,19.896685,2.266955,3.904704,0.713884,10.797248,36.146149,4.507691,11.918995,2.867584,3.370194,0.859090,9.094389,26.053787,4.492338,3.334729,9.038590,-0.013469,-0.010635,0.163509,-3.212509,0.002400,1.000000,1.000000,0.030201
4,-0.572895,0.025892,1.048582,1.561903,4.557001,13.916641,2.240539,3.910755,0.672490,10.800268,36.537941,4.607898,12.787789,3.041781,3.336948,0.919277,8.833122,23.632015,4.492338,3.334729,9.038590,-0.075034,-0.000666,0.104905,-3.242955,0.002399,1.000000,1.000000,0.029699
5,-0.595748,-0.024340,1.035086,1.476471,4.535693,13.361345,2.229935,3.893927,0.661238,10.749765,35.409489,4.632790,11.196980,3.022366,3.389067,0.917753,8.990617,23.726528,4.492338,3.334729,9.038590,-0.068173,-0.016295,0.106388,-3.261669,0.002399,1.000000,1.000000,0.028195
6,-0.605027,-0.235740,1.033583,1.394044,4.547897,15.590197,2.253174,3.895248,0.658497,10.746883,35.232288,4.547085,10.168480,2.811715,3.455586,0.910587,9.232885,23.490097,4.492338,3.334729,9.038590,0.006276,-0.036242,0.113366,-3.277220,0.002398,1.000000,1.000000,0.027220
7,-0.505764,-0.087233,1.122932,1.495622,4.730919,28.564121,2.639512,3.872204,0.648546,10.682652,34.341801,4.719413,9.904412,3.094494,3.434466,0.949426,9.199273,24.914251,4.492338,3.334729,9.038590,-0.093664,-0.029909,0.075548,-3.257392,0.002398,1.000000,1.000000,0.027686
8,-0.651280,-0.194194,1.000564,1.393259,4.497631,15.003802,2.185943,3.879468,0.632502,10.693127,34.579529,4.636585,11.147558,2.958478,3.466392,0.854081,9.273480,25.016039,4.492338,3.334729,9.038590,-0.045593,-0.039482,0.168385,-3.303688,0.002397,1.000000,1.000000,0.027442
9,-0.675222,0.299012,0.975534,1.825285,4.499417,18.706726,2.152509,3.901443,0.624662,10.745834,37.093636,5.006953,13.733521,3.101313,3.823587,0.911928,10.109714,25.972158,4.492338,3.334729,9.038590,-0.096074,-0.146596,0.112061,-3.301511,0.002396,1.000000,1.000000,0.025693
10,-0.678529,0.087771,0.982104,1.653789,4.528996,14.174150,2.220669,3.896184,0.632603,10.725506,37.153221,4.773999,10.785451,3.095499,3.519146,0.908052,9.382107,25.331852,4.492338,3.334729,9.038590,-0.094019,-0.055302,0.115834,-3.321266,0.002395,1.000000,1.000000,0.024850
11,-0.722872,-0.228583,0.939037,1.299883,4.456183,12.958097,2.111461,3.875300,0.617533,10.666679,35.420742,4.393316,9.988899,2.649257,3.410612,0.806470,9.117520,24.709127,4.492338,3.334729,9.038590,0.063693,-0.022755,0.214744,-3.323817,0.002393,1.000000,1.000000,0.023981
12,-0.734218,0.124293,0.941659,1.662511,4.446702,41.692173,2.128012,3.855815,0.614335,10.607853,56.682751,4.720710,10.780877,3.005988,3.528053,0.895531,9.423270,24.709780,4.492338,3.334729,9.038590,-0.062384,-0.057973,0.128025,-3.351754,0.002392,1.000000,1.000000,0.024260
13,-0.726128,-0.000032,0.945513,1.422617,4.465252,45.661076,2.165750,3.856546,0.612422,10.606823,36.802368,4.556953,13.846410,2.873900,3.432548,0.850960,9.197905,24.952036,4.492338,3.334729,9.038590,-0.015702,-0.029333,0.171424,-3.343282,0.002391,1.000000,1.000000,0.022737
14,-0.768608,0.313919,0.928066,1.574338,4.330910,14.432046,2.057323,3.760474,0.618902,10.345461,36.648560,4.746289,10.702639,3.035659,3.530731,0.919767,9.439327,25.751406,4.492338,3.334729,9.038590,-0.072871,-0.058776,0.104428,-3.393348,0.002389,1.000000,1.000000,0.023399
15,-0.771430,-0.294849,0.954718,1.277040,4.214989,57.359436,2.195445,3.543086,0.626654,9.724514,172.531113,4.602422,15.740421,2.983792,3.389278,0.889983,8.947154,25.080561,4.492338,3.334729,9.038590,-0.054540,-0.016358,0.133428,-3.452295,0.002387,1.000000,1.000000,0.023361
16,-0.958718,-0.176328,0.877151,1.380516,3.779385,18.496035,2.106072,3.078123,0.611042,8.446797,47.128624,4.375623,11.509395,2.928888,3.133488,0.865416,8.305059,26.406704,4.492338,3.334729,9.038590,-0.035135,0.060347,0.157349,-3.671739,0.002385,1.000000,1.000000,0.024348
17,-1.054199,-0.154842,0.857464,1.460678,3.552940,16.367584,2.123114,2.781738,0.614577,7.656104,40.161442,4.643793,11.697836,3.326001,3.108963,0.914809,8.487976,26.756287,4.492338,3.334729,9.038590,-0.175484,0.067702,0.109255,-3.823326,0.002383,1.000000,1.000000,0.024762
18,-1.050624,-0.083141,0.980298,1.391259,3.335822,115.607735,2.164050,2.455546,0.644118,6.869705,171.612640,4.368110,22.711803,2.955979,3.091326,0.886722,8.336285,50.718197,4.492338,3.334729,9.038590,-0.044710,0.072990,0.136603,-4.061844,0.002381,1.000000,1.000000,0.025480
19,-1.299652,-0.340216,0.770673,1.320346,3.151475,15.311533,2.009800,2.350476,0.606432,6.526209,37.224976,4.085272,44.316444,2.879613,2.769368,0.853157,7.354178,128.246521,4.492338,3.334729,9.038590,-0.017721,0.169537,0.169286,-4.140650,0.002379,1.000000,1.000000,0.025999
20,-1.303937,-0.437994,0.769454,1.290245,3.117078,43.853264,1.962773,2.344551,0.605624,6.528701,106.357948,4.182273,16.361494,2.982251,2.801645,0.865085,7.556111,25.909992,4.492338,3.334729,9.038590,-0.053995,0.159858,0.157671,-4.146782,0.002376,1.000000,1.000000,0.026553
21,-1.338446,-0.459431,0.768246,1.294543,3.132587,21.252823,2.057187,2.283847,0.604256,6.361287,38.977058,4.183601,14.097908,2.921484,2.857636,0.895191,7.769953,23.647455,4.492338,3.334729,9.038590,-0.032519,0.143068,0.128357,-4.213384,0.002374,1.000000,1.000000,0.027107
22,-1.430679,-0.132325,0.734161,1.575287,3.005980,29.159281,1.987435,2.171994,0.607014,6.080697,61.392044,4.225356,116.546913,2.967606,2.886375,0.846042,7.503250,163.004898,4.492338,3.334729,9.038590,-0.048819,0.134450,0.176213,-4.329679,0.002371,1.000000,1.000000,0.027382
23,-1.441513,-0.410602,0.726327,1.355668,2.981300,87.935799,1.969657,2.155839,0.600796,6.031683,155.590881,4.046625,29.474754,2.926662,2.654247,0.874525,7.141552,26.588312,4.492338,3.334729,9.038590,-0.034349,0.204059,0.148479,-4.335680,0.002368,1.000000,1.000000,0.027669
24,-1.458007,-0.134843,0.728493,1.499257,3.001730,71.521584,2.017938,2.140510,0.597096,5.983922,160.460907,4.370429,18.459032,3.089563,2.961890,0.884567,8.010521,29.883587,4.492338,3.334729,9.038590,-0.091922,0.111805,0.138701,-4.373000,0.002365,1.000000,1.000000,0.027860
25,-1.513895,-0.534586,0.705473,1.296794,2.919213,36.720741,1.978901,2.062719,0.592407,5.790561,73.876129,3.876545,34.416836,2.648665,2.704541,0.835244,7.211581,55.640041,4.492338,3.334729,9.038590,0.063902,0.188977,0.186727,-4.438738,0.002362,1.000000,1.000000,0.028209
26,-1.578259,-0.578512,0.692864,1.250585,2.881816,39.855648,1.992932,1.993781,0.598264,5.598619,80.755974,3.893295,24.391006,2.781207,2.588464,0.849991,7.015124,41.170883,4.492338,3.334729,9.038590,0.017058,0.223786,0.172368,-4.542245,0.002359,1.000000,1.000000,0.028578
27,7.381229,-0.329989,9.621711,1.430605,3.703616,134.702927,3.001797,2.063121,0.670457,6.419737,170.408859,4.020335,22.386856,2.922348,2.617172,0.879423,7.064725,47.347725,4.492338,3.334729,9.038590,-0.032824,0.215177,0.143711,-4.480966,0.002356,1.000000,1.000000,0.028787
28,5.638460,1.073617,7.409336,2.609543,6.943597,171.587280,5.092497,4.549230,1.258780,11.049036,179.552826,6.239162,114.632835,4.621326,4.006081,1.233616,10.449035,170.020081,4.492338,3.334729,9.038590,-0.633281,-0.201321,-0.201166,-3.541752,0.002352,1.000000,1.000000,0.028875
29,0.311578,1.013110,1.842671,1.755157,6.300584,147.054184,4.737442,4.019772,1.046628,11.065414,178.446945,5.690360,102.036659,4.424533,3.432760,1.009885,9.602386,158.393051,4.492338,3.334729,9.038590,-0.563730,-0.029397,0.016680,-3.062187,0.002349,1.000000,1.000000,0.028759
30,-0.318635,-0.099924,1.278695,1.400925,5.155436,135.839035,3.211333,3.946356,0.831945,10.956099,176.101166,4.614855,16.062778,2.857554,3.471534,1.039099,9.452826,25.211418,4.492338,3.334729,9.038590,-0.009924,-0.041024,-0.011765,-3.194660,0.002345,1.000000,1.000000,0.028698
31,-0.455381,-0.107118,1.173171,1.389389,4.764379,14.483327,2.632384,3.887641,0.810009,10.810521,37.984768,4.686071,16.062864,3.115962,3.335309,1.061017,9.008577,23.458059,4.492338,3.334729,9.038590,-0.101252,-0.000174,-0.033107,-3.257103,0.002341,1.000000,1.000000,0.028736
32,-0.478985,0.550150,1.158064,1.629417,4.686046,14.179234,2.529522,3.860922,0.808595,10.721829,35.527740,5.127800,16.480474,3.387026,3.692513,1.089830,10.061341,25.008013,4.492338,3.334729,9.038590,-0.197052,-0.107290,-0.061162,-3.274099,0.002337,1.000000,1.000000,0.028826
33,-0.500446,0.317550,1.152131,1.508797,4.599052,29.473812,2.525399,3.756726,0.812800,10.440415,76.715355,4.818392,15.203197,2.865807,3.727365,1.053946,10.061871,25.813757,4.492338,3.334729,9.038590,-0.012841,-0.117741,-0.026222,-3.305154,0.002333,1.000000,1.000000,0.028964
34,-0.552550,0.373904,1.123415,1.511901,4.461955,17.593941,2.447096,3.644495,0.799010,10.120273,46.329426,4.938755,16.388145,3.137184,3.657136,1.083856,9.931535,27.432852,4.492338,3.334729,9.038590,-0.108752,-0.096682,-0.055345,-3.351929,0.002329,1.000000,1.000000,0.029164
35,-0.639877,0.915531,1.091900,2.010400,4.184162,18.542917,2.352447,3.367223,0.796877,9.377257,48.086567,5.241465,16.817984,3.671559,3.559634,1.149617,9.760269,28.655973,4.492338,3.334729,9.038590,-0.297612,-0.067443,-0.119376,-3.463555,0.002325,1.000000,1.000000,0.029526
36,-0.698299,0.184835,1.070402,1.588963,4.007806,18.158871,2.301070,3.183650,0.794956,8.882033,48.410614,4.949588,15.225975,3.380071,3.439930,1.113743,9.343372,28.807791,4.492338,3.334729,9.038590,-0.194594,-0.031547,-0.084446,-3.537402,0.002320,1.000000,1.000000,0.029808
37,-0.729402,0.128147,1.060994,1.474626,3.925722,20.584837,2.326844,3.058374,0.802144,8.558051,48.419067,4.681088,14.640699,3.069940,3.362197,1.087973,9.106779,28.127533,4.492338,3.334729,9.038590,-0.084986,-0.008237,-0.059354,-3.580792,0.002316,1.000000,1.000000,0.030232
38,-0.890786,0.666551,1.022934,1.856674,3.639238,15.578314,2.361443,2.650556,0.801367,7.452416,39.923302,5.607584,14.208734,4.477369,3.173280,1.152591,8.626761,26.040644,4.492338,3.334729,9.038590,-0.582404,0.048414,-0.122272,-3.827441,0.002311,1.000000,1.000000,0.030352
39,-1.006335,0.663555,0.987690,1.652204,3.477478,15.564503,2.335785,2.449763,0.797258,6.925922,41.556568,4.695449,13.739009,3.463774,2.979703,1.082071,8.276637,24.745981,4.492338,3.334729,9.038590,-0.224176,0.106463,-0.053608,-3.988052,0.002306,1.000000,1.000000,0.030634
40,-1.087396,0.511420,0.958801,1.631930,3.344851,16.551842,2.285267,2.307758,0.799898,6.595535,37.164196,4.624255,20.923870,3.341083,3.009209,1.079609,8.140530,25.394085,4.492338,3.334729,9.038590,-0.180815,0.097615,-0.051210,-4.092396,0.002301,1.000000,1.000000,0.030900
41,-1.184815,0.122672,0.917024,1.552455,3.203939,15.355076,2.187989,2.201644,0.794160,6.320148,35.927441,4.489502,14.198826,3.229086,2.921452,1.092587,7.919131,23.138285,4.492338,3.334729,9.038590,-0.141232,0.123931,-0.063846,-4.203676,0.002296,1.000000,1.000000,0.031185
42,-1.244241,-0.248906,0.889665,1.415722,3.144199,13.820031,2.160763,2.143552,0.788842,6.178098,32.401306,4.321428,15.665242,3.303728,2.566865,1.082279,6.971945,23.327271,4.492338,3.334729,9.038590,-0.167612,0.230263,-0.053809,-4.267812,0.002291,1.000000,1.000000,0.031610
43,-1.320724,0.241206,0.874015,1.602202,3.089145,14.541202,2.195384,2.023700,0.792306,5.857109,31.922577,4.297083,15.842077,3.265017,2.561543,1.114936,7.020430,25.036207,4.492338,3.334729,9.038590,-0.153931,0.231859,-0.085608,-4.389478,0.002286,1.000000,1.000000,0.031682
44,-1.329946,0.549033,0.867863,1.770922,3.069032,14.658452,2.184017,2.009011,0.782881,5.797436,33.741879,4.732200,19.394552,3.663574,2.765842,1.149810,7.479903,24.599054,4.492338,3.334729,9.038590,-0.294790,0.170595,-0.119564,-4.395618,0.002280,1.000000,1.000000,0.031677
45,-1.409974,0.343349,0.829002,1.716744,3.000499,16.744015,2.121544,1.974444,0.776924,5.714378,35.623474,4.580984,14.509049,3.608507,2.590239,1.120157,7.030421,23.173824,4.492338,3.334729,9.038590,-0.275328,0.223254,-0.090691,-4.477952,0.002275,1.000000,1.000000,0.032110
46,-1.468393,-0.024619,0.818633,1.513036,2.961949,14.066942,2.152642,1.878969,0.780225,5.463667,33.656750,4.225939,14.334715,3.215159,2.515141,1.093336,6.912120,24.738604,4.492338,3.334729,9.038590,-0.136310,0.245773,-0.064576,-4.574052,0.002269,1.000000,1.000000,0.032019
47,-1.521882,-0.333784,0.800638,1.308802,2.921346,15.294668,2.142336,1.827648,0.777405,5.324648,32.947792,4.064580,15.568664,3.017422,2.508365,1.060225,6.989479,26.762703,4.492338,3.334729,9.038590,-0.066425,0.247805,-0.032336,-4.645041,0.002263,1.000000,1.000000,0.032081
48,-1.532806,0.763216,0.807229,1.866414,2.912484,76.291664,2.137022,1.817975,0.781453,5.301604,149.843628,4.709464,15.917232,3.706801,2.702978,1.064230,7.288857,22.771988,4.492338,3.334729,9.038590,-0.310068,0.189446,-0.036235,-4.680070,0.002258,1.000000,1.000000,0.032342
49,-1.588676,0.794086,0.784050,1.742989,2.894995,13.336905,2.158728,1.762337,0.784256,5.172990,34.874363,4.505091,17.915798,3.347375,2.805508,1.104557,7.601035,28.793581,4.492338,3.334729,9.038590,-0.183038,0.158700,-0.075502,-4.745453,0.002252,1.000000,1.000000,0.032329
50,-1.638978,1.033759,0.762596,1.927136,2.853926,13.337332,2.140287,1.725050,0.766986,5.055954,35.684982,4.912872,15.275807,3.971212,2.662096,1.130945,7.373800,25.128664,4.492338,3.334729,9.038590,-0.403516,0.201705,-0.101195,-4.803148,0.002245,1.000000,1.000000,0.032347
51,-1.666617,0.747332,0.749211,1.682511,2.813085,14.187769,2.114338,1.697699,0.748893,4.975973,33.895412,4.347978,16.201107,3.258954,2.669532,1.075980,7.280436,26.151253,4.492338,3.334729,9.038590,-0.151788,0.199476,-0.047676,-4.831656,0.002239,1.000000,1.000000,0.032464
52,-1.673519,0.744311,0.735642,1.674560,2.788500,13.361759,2.079647,1.706913,0.732971,4.994667,33.336246,4.302884,17.952820,3.225948,2.634852,1.079641,7.164699,25.239183,4.492338,3.334729,9.038590,-0.140123,0.209875,-0.051241,-4.818321,0.002233,1.000000,1.000000,0.032498
53,-1.798080,0.808636,0.689634,1.619961,2.734163,13.670746,2.089512,1.616465,0.704718,4.742226,32.413570,4.222412,16.685444,3.257894,2.504655,0.970359,6.819721,23.135210,4.492338,3.334729,9.038590,-0.151414,0.248918,0.055167,-4.975429,0.002226,1.000000,1.000000,0.032569
54,-1.853917,1.603682,0.674452,2.105073,2.742036,17.474014,2.122628,1.592813,0.690042,4.644815,32.737885,5.021479,14.104565,4.119522,2.681461,1.026915,7.180361,25.895372,4.492338,3.334729,9.038590,-0.455933,0.195898,0.000098,-5.056738,0.002220,1.000000,1.000000,0.032801
55,-1.876482,2.127768,0.652809,1.946039,2.688533,14.209362,2.046755,1.609447,0.669841,4.640944,38.695930,4.374075,12.732284,3.139859,2.889228,0.962382,7.939573,27.945360,4.492338,3.334729,9.038590,-0.109697,0.133594,0.062934,-5.058583,0.002213,1.000000,1.000000,0.032586
56,-1.904518,2.410893,0.650947,2.128499,2.697465,14.735554,2.086043,1.574312,0.668044,4.566221,32.300426,4.608730,13.455503,3.663691,2.614364,0.991395,7.103531,25.197304,4.492338,3.334729,9.038590,-0.294832,0.216019,0.034683,-5.110931,0.002206,1.000000,1.000000,0.032663
57,-1.972313,2.688247,0.623566,2.405340,2.655986,14.973854,2.073995,1.524100,0.655688,4.403077,31.844633,4.700841,13.150805,3.739755,2.653381,1.035235,7.178282,26.881054,4.492338,3.334729,9.038590,-0.321714,0.204319,-0.008003,-5.191757,0.002200,1.000000,1.000000,0.032749
58,-2.017163,1.824010,0.610043,1.898137,2.648258,14.955602,2.080515,1.507300,0.642476,4.345039,34.910088,4.424524,14.260015,3.458855,2.595452,0.936144,6.927010,25.767902,4.492338,3.334729,9.038590,-0.222438,0.221690,0.088481,-5.254413,0.002192,1.000000,1.000000,0.032765
59,-2.035183,4.116308,0.592039,2.571695,2.581116,14.032187,1.998900,1.504782,0.634184,4.334366,33.535683,4.676269,14.575497,3.657832,2.749757,0.962596,7.416308,24.931528,4.492338,3.334729,9.038590,-0.292761,0.175418,0.062725,-5.254443,0.002185,1.000000,1.000000,0.032962
60,-2.009317,2.566571,0.605771,1.989806,2.626052,15.558646,2.045666,1.520469,0.632118,4.360992,37.344898,4.170363,15.861556,3.144901,2.586937,0.899605,6.988159,23.782663,4.492338,3.334729,9.038590,-0.111479,0.224244,0.124059,-5.230175,0.002178,1.000000,1.000000,0.032964
61,-2.109668,3.008548,0.566576,2.217570,2.529516,14.915910,1.986342,1.433109,0.631739,4.165570,34.954670,4.239092,15.406849,3.237663,2.585131,0.896957,6.903685,24.819418,4.492338,3.334729,9.038590,-0.144264,0.224785,0.126637,-5.352488,0.002171,1.000000,1.000000,0.032886
62,-2.159227,2.400870,0.543088,2.207641,2.502568,15.508948,1.960414,1.426332,0.620646,4.139532,35.092224,4.448245,14.961647,3.483809,2.601511,0.939202,6.974146,24.487049,4.492338,3.334729,9.038590,-0.231257,0.219873,0.085504,-5.404629,0.002163,1.000000,1.000000,0.032940
63,-2.208914,2.745609,0.527909,2.139556,2.481764,15.055017,1.951180,1.404916,0.615030,4.061854,41.274319,4.138592,16.600090,3.188367,2.477683,0.907382,6.643955,25.198917,4.492338,3.334729,9.038590,-0.126841,0.257006,0.116487,-5.473646,0.002156,1.000000,1.000000,0.032906
64,-2.229066,2.104051,0.518545,2.099495,2.461027,13.772754,1.941655,1.384207,0.608770,4.006105,36.380936,4.531387,15.400954,3.594912,2.580373,0.975578,6.942204,25.829584,4.492338,3.334729,9.038590,-0.270524,0.226212,0.050085,-5.495221,0.002148,1.000000,1.000000,0.032962
65,-2.165764,2.687756,0.537780,2.387236,2.491527,14.502239,1.956790,1.415653,0.612052,4.104280,34.933586,4.465307,14.889057,3.540836,2.542465,0.968148,6.773798,23.949282,4.492338,3.334729,9.038590,-0.251412,0.237580,0.057319,-5.407088,0.002140,1.000000,1.000000,0.033025
66,-2.243023,2.374226,0.524513,2.062581,2.472237,16.509657,1.967167,1.359668,0.627307,3.961231,36.356945,4.058488,15.922603,3.047416,2.515178,0.926527,6.693838,23.029375,4.492338,3.334729,9.038590,-0.077026,0.245762,0.097845,-5.535072,0.002133,1.000000,1.000000,0.032916
67,-2.264079,2.318113,0.504493,2.151735,2.452039,17.190489,1.953201,1.353165,0.605346,3.938380,38.405823,4.302214,15.418234,3.345378,2.557687,0.880752,6.767499,24.302197,4.492338,3.334729,9.038590,-0.182332,0.233015,0.142416,-5.537144,0.002125,1.000000,1.000000,0.032965
68,-2.243322,1.733379,0.507398,1.728793,2.440998,14.415109,1.922576,1.377976,0.602789,3.978720,32.831696,4.038474,16.232506,2.988817,2.566730,0.887774,6.912067,24.478092,4.492338,3.334729,9.038590,-0.056316,0.230303,0.135579,-5.501439,0.002117,1.000000,1.000000,0.032942
69,-2.281379,3.750139,0.518019,2.614705,2.477433,20.894745,1.982793,1.355395,0.607545,3.896494,46.693115,4.469377,16.790821,3.463985,2.670717,0.918375,7.167833,24.303972,4.492338,3.334729,9.038590,-0.224251,0.199120,0.105783,-5.598795,0.002108,1.000000,1.000000,0.032978
70,-2.313813,5.967414,0.483621,3.165998,2.402115,15.504270,1.913223,1.324532,0.596114,3.850015,33.542816,4.501694,16.762465,3.535432,2.637646,0.899325,6.997682,22.797518,4.492338,3.334729,9.038590,-0.249502,0.209037,0.124332,-5.594868,0.002100,1.000000,1.000000,0.033000
71,-2.355663,4.817406,0.478126,3.154324,2.362401,16.670042,1.881436,1.292663,0.608404,3.767618,54.148960,4.645088,15.585420,3.738990,2.579871,0.970081,6.877904,26.937256,4.492338,3.334729,9.038590,-0.321444,0.226363,0.055437,-5.667578,0.002092,1.000000,1.000000,0.033187
72,-2.405814,5.561099,0.465903,3.069739,2.402235,12.811670,1.935394,1.295591,0.588583,3.745045,36.170609,4.511416,17.190754,3.538105,2.642046,0.924271,7.132948,23.027925,4.492338,3.334729,9.038590,-0.250447,0.207718,0.100042,-5.743435,0.002083,1.000000,1.000000,0.033235
73,-2.389957,4.353372,0.457220,3.026453,2.359816,13.953426,1.881730,1.299371,0.582629,3.762865,38.562004,4.721380,36.198990,3.735783,2.714961,0.982011,7.272075,86.478897,4.492338,3.334729,9.038590,-0.320310,0.185853,0.043821,-5.694355,0.002075,1.000000,1.000000,0.033344
74,-2.404083,4.685910,0.462376,2.937923,2.389933,14.353680,1.916955,1.293185,0.603935,3.745112,43.998653,4.564796,62.656132,3.610857,2.628707,0.942858,6.999275,161.136734,4.492338,3.334729,9.038590,-0.276159,0.211718,0.081944,-5.732918,0.002066,1.000000,1.000000,0.033315
75,-2.390234,4.876701,0.453021,2.807551,2.337617,13.786034,1.853846,1.297118,0.587532,3.767777,39.259026,4.190481,25.031898,3.194762,2.553723,0.912207,6.879860,65.115959,4.492338,3.334729,9.038590,-0.129101,0.234204,0.111788,-5.686510,0.002057,1.000000,1.000000,0.033334
76,-2.500916,7.197712,0.421422,3.983998,2.295962,14.769112,1.836857,1.248894,0.581085,3.620735,37.935730,4.957416,16.729654,4.060759,2.675614,0.962966,7.153683,22.524168,4.492338,3.334729,9.038590,-0.435164,0.197652,0.062365,-5.844675,0.002049,1.000000,1.000000,0.033326
77,-2.501056,4.173157,0.418562,2.590154,2.310340,14.076900,1.854890,1.244841,0.589428,3.621070,38.338913,4.279160,16.523745,3.319143,2.539887,0.918409,6.856643,23.354553,4.492338,3.334729,9.038590,-0.173060,0.238353,0.105750,-5.839237,0.002040,1.000000,1.000000,0.033492
78,-2.483318,4.359948,0.430356,2.957587,2.329411,15.074841,1.869636,1.260615,0.584350,3.646283,36.179924,4.362845,16.459034,3.378407,2.603298,0.918489,6.836357,22.068489,4.492338,3.334729,9.038590,-0.194006,0.219337,0.105671,-5.827348,0.002031,1.000000,1.000000,0.033404
79,-2.490011,8.104924,0.413645,4.270896,2.280361,14.310705,1.818883,1.252358,0.568606,3.622784,37.705143,5.074440,17.181303,4.204461,2.646479,1.033732,7.038910,23.348099,4.492338,3.334729,9.038590,-0.485952,0.206388,-0.006539,-5.807311,0.002021,1.000000,1.000000,0.033395
80,-2.482893,9.293931,0.431448,4.134002,2.310944,16.470356,1.865401,1.235558,0.578047,3.573599,42.469131,4.511436,21.104172,3.552849,2.608203,0.963119,7.045185,24.891760,4.492338,3.334729,9.038590,-0.255657,0.217866,0.062216,-5.828682,0.002012,1.000000,1.000000,0.033431
81,-2.520015,7.324188,0.416877,3.241268,2.307140,15.005760,1.865239,1.224176,0.587512,3.577229,42.639202,4.143706,16.494759,3.078439,2.626428,0.891847,7.093864,22.609455,4.492338,3.334729,9.038590,-0.087990,0.212401,0.131613,-5.873783,0.002003,1.000000,1.000000,0.033495
82,-2.575565,9.283000,0.394299,4.541650,2.274311,15.787015,1.831765,1.219080,0.575300,3.528168,39.978416,4.948102,17.542150,4.090763,2.613138,0.959622,6.974940,24.941694,4.492338,3.334729,9.038590,-0.445769,0.216387,0.065621,-5.939727,0.001994,1.000000,1.000000,0.033416
83,-2.562984,9.829938,0.407007,4.098293,2.298294,15.501013,1.866550,1.209286,0.579459,3.512735,38.221359,4.537525,17.117092,3.481413,2.756673,0.932550,7.494618,23.455460,4.492338,3.334729,9.038590,-0.230410,0.173344,0.091981,-5.939981,0.001984,1.000000,1.000000,0.033531
84,-2.570158,8.761227,0.382703,4.298233,2.238248,15.413091,1.800948,1.205992,0.558501,3.520822,44.804211,4.711099,17.050190,3.764089,2.645792,1.012853,6.980970,23.671574,4.492338,3.334729,9.038590,-0.330314,0.206594,0.013790,-5.905721,0.001975,1.000000,1.000000,0.033507
85,-2.581832,8.365588,0.388133,3.858988,2.271021,14.945156,1.839840,1.203879,0.568506,3.521931,39.233425,4.153739,16.357573,3.179294,2.518795,0.895160,6.753340,23.331013,4.492338,3.334729,9.038590,-0.123635,0.244678,0.128388,-5.939930,0.001965,1.000000,1.000000,0.033683
86,-2.642196,7.529392,0.365864,3.529127,2.233599,14.604807,1.811400,1.181653,0.558113,3.429605,41.067219,4.249358,25.130840,3.308268,2.511211,0.897901,6.735980,66.499496,4.492338,3.334729,9.038590,-0.169217,0.246952,0.125719,-6.016119,0.001955,1.000000,1.000000,0.033530
87,-2.587040,10.729673,0.390858,4.901113,2.268277,14.759747,1.842128,1.195121,0.568621,3.454066,41.824799,4.514681,52.050945,3.475581,2.713579,0.969107,7.313559,150.204971,4.492338,3.334729,9.038590,-0.228349,0.186267,0.056385,-5.955795,0.001945,1.000000,1.000000,0.033638
88,-2.598828,12.630523,0.389796,5.970156,2.267037,15.909345,1.842859,1.188172,0.575826,3.443110,45.846828,4.994686,22.407761,4.093499,2.676397,1.013440,7.118123,49.183826,4.492338,3.334729,9.038590,-0.446735,0.197417,0.013219,-5.977249,0.001935,1.000000,1.000000,0.033710
89,-2.698151,9.974459,0.346105,4.098603,2.219504,16.419727,1.803581,1.168972,0.553894,3.397542,40.918819,4.305924,50.372646,3.265928,2.657538,0.901212,7.202473,159.794785,4.492338,3.334729,9.038590,-0.154253,0.203072,0.122494,-6.088511,0.001926,1.000000,1.000000,0.033585
90,-2.697977,9.583172,0.343911,4.307432,2.210966,15.445457,1.790175,1.171008,0.558912,3.386261,43.286476,4.340259,22.711693,3.281673,2.685560,0.925335,7.263928,44.765102,4.492338,3.334729,9.038590,-0.159818,0.194669,0.099006,-6.083775,0.001915,1.000000,1.000000,0.033707
91,-2.702110,9.139592,0.331867,4.465303,2.184919,45.076900,1.777695,1.145605,0.548872,3.381138,157.410934,4.375824,22.349495,3.452682,2.530079,0.908584,6.781672,54.517673,4.492338,3.334729,9.038590,-0.220256,0.241294,0.115316,-6.067955,0.001905,1.000000,1.000000,0.033628
92,-2.697243,6.633314,0.337450,3.605939,2.185052,48.697048,1.775830,1.150868,0.544409,3.342401,158.452728,4.277062,13.472388,3.237649,2.639173,0.919592,7.120318,25.884369,4.492338,3.334729,9.038590,-0.144259,0.208579,0.104598,-6.069386,0.001895,1.000000,1.000000,0.033741
93,-2.761224,6.673611,0.319586,3.585651,2.176156,14.661006,1.774348,1.135367,0.546155,3.296447,40.122181,4.226732,21.911022,3.200358,2.590489,0.955164,7.005528,48.220005,4.492338,3.334729,9.038590,-0.131079,0.223178,0.069961,-6.161621,0.001885,1.000000,1.000000,0.033755
94,-2.643506,5.882125,0.370250,3.155070,2.229357,14.854726,1.808476,1.180692,0.552642,3.385095,43.212284,4.054967,19.988220,3.043753,2.520475,0.908588,6.791775,42.793034,4.492338,3.334729,9.038590,-0.075731,0.244174,0.115312,-6.027511,0.001875,1.000000,1.000000,0.033788
95,-2.739807,7.928193,0.324538,3.887904,2.171488,32.408062,1.775709,1.127414,0.539587,3.266403,80.140274,3.990002,24.601770,2.945358,2.547159,0.870036,6.899323,66.266716,4.492338,3.334729,9.038590,-0.040956,0.236172,0.152850,-6.128689,0.001864,1.000000,1.000000,0.033888
96,-2.718960,7.767011,0.330862,4.588920,2.167925,14.514956,1.759070,1.149363,0.533421,3.312807,41.046654,4.849513,13.316055,3.961679,2.616221,0.989074,6.935948,24.169674,4.492338,3.334729,9.038590,-0.400147,0.215462,0.036943,-6.099644,0.001854,1.000000,1.000000,0.033709
97,-2.820140,11.645075,0.292443,4.921062,2.136715,14.738480,1.738412,1.121529,0.534459,3.235551,41.581841,4.110388,71.924393,3.065372,2.592060,0.883186,7.111526,169.413666,4.492338,3.334729,9.038590,-0.083372,0.222708,0.140047,-6.225167,0.001843,1.000000,1.000000,0.033769
98,-2.825568,12.301344,0.302442,5.816471,2.161425,14.339853,1.769426,1.114383,0.546844,3.240748,41.131470,4.488478,72.850807,3.544552,2.577356,0.969445,7.004646,175.270386,4.492338,3.334729,9.038590,-0.252725,0.227117,0.056057,-6.256020,0.001832,1.000000,1.000000,0.033805
99,-2.786191,12.521145,0.297917,5.436873,2.119009,22.040190,1.716212,1.126002,0.526248,3.250307,54.829849,4.281692,23.229654,3.285816,2.579299,0.939954,6.999836,31.750494,4.492338,3.334729,9.038590,-0.161282,0.226534,0.084772,-6.168216,0.001822,1.000000,1.000000,0.033793
100,-2.816754,14.718375,0.289381,6.612724,2.109521,14.837512,1.714783,1.110495,0.525736,3.216952,41.986340,4.318199,56.700901,3.331809,2.591940,0.909799,7.027058,175.670563,4.492338,3.334729,9.038590,-0.177537,0.222743,0.114133,-6.212270,0.001811,1.000000,1.000000,0.033720
101,-2.811425,15.951935,0.297436,6.641060,2.125211,14.775693,1.731843,1.114059,0.525466,3.196464,42.638935,4.352168,77.432739,3.347304,2.628340,0.910358,7.111593,175.786163,4.492338,3.334729,9.038590,-0.183013,0.211828,0.113589,-6.217723,0.001800,1.000000,1.000000,0.033748
102,-2.909913,9.605628,0.248616,4.929150,2.072485,14.781341,1.697478,1.070439,0.517611,3.115006,42.196133,4.122171,64.024986,3.089253,2.580797,0.887862,6.961354,176.316666,4.492338,3.334729,9.038590,-0.091812,0.226085,0.135493,-6.317057,0.001789,1.000000,1.000000,0.033754
103,-2.807973,10.636941,0.282743,5.458003,2.090107,15.621761,1.692601,1.113170,0.514297,3.206537,41.837376,4.587410,51.566444,3.682630,2.574586,0.924158,6.927873,165.965378,4.492338,3.334729,9.038590,-0.301525,0.227947,0.100152,-6.181432,0.001778,1.000000,1.000000,0.033790
104,-2.856943,11.597720,0.272886,5.173033,2.105746,14.616819,1.726255,1.089608,0.516688,3.172229,40.311848,4.173558,81.468758,3.185413,2.548823,0.880471,6.908590,176.520584,4.492338,3.334729,9.038590,-0.125797,0.235673,0.142690,-6.259658,0.001767,1.000000,1.000000,0.033813
105,-2.902795,10.734778,0.261371,4.722529,2.087534,14.983907,1.698508,1.095340,0.522590,3.163274,41.319138,4.048700,28.437319,3.007237,2.558874,0.894796,6.949590,81.927483,4.492338,3.334729,9.038590,-0.062826,0.232659,0.128742,-6.328333,0.001756,1.000000,1.000000,0.033817
106,-2.926461,14.480405,0.235880,6.308030,2.049507,15.403384,1.646426,1.105836,0.516610,3.192312,41.098183,4.232923,23.087751,3.223224,2.594597,0.892484,6.993383,51.127338,4.492338,3.334729,9.038590,-0.139160,0.221947,0.130993,-6.324681,0.001745,1.000000,1.000000,0.033850
107,-2.924880,12.372588,0.249879,5.692856,2.075478,15.482272,1.696478,1.086468,0.499159,3.113183,42.973358,4.409290,14.576269,3.408979,2.641299,0.918829,7.090914,24.641582,4.492338,3.334729,9.038590,-0.204810,0.207942,0.105341,-6.349517,0.001734,1.000000,1.000000,0.033804
108,-2.980694,16.888298,0.222842,6.893116,2.073664,16.318018,1.715344,1.057611,0.489018,3.061701,39.958054,4.383272,13.798718,3.405998,2.600260,0.922443,7.006018,29.769886,4.492338,3.334729,9.038590,-0.203757,0.220249,0.101821,-6.407071,0.001722,1.000000,1.000000,0.033851
109,-2.917087,11.009022,0.257232,5.285973,2.074126,14.320007,1.701150,1.070466,0.512041,3.091436,39.821899,4.123627,13.723737,3.077835,2.588537,0.911431,6.864040,27.034477,4.492338,3.334729,9.038590,-0.087777,0.223764,0.112544,-6.348638,0.001711,1.000000,1.000000,0.033833
110,-2.971303,17.008140,0.225895,6.491039,2.046036,15.686483,1.666930,1.074389,0.503286,3.099809,40.752541,4.054594,14.320713,2.964973,2.616606,0.895568,7.025039,23.841576,4.492338,3.334729,9.038590,-0.047889,0.215347,0.127990,-6.394395,0.001700,1.000000,1.000000,0.033834
111,-2.906259,11.440446,0.245131,5.230367,2.051937,15.840188,1.672240,1.081494,0.494400,3.107045,40.225822,4.271747,16.224497,3.291527,2.568088,0.904761,6.879243,22.862465,4.492338,3.334729,9.038590,-0.163300,0.229896,0.119039,-6.302779,0.001688,1.000000,1.000000,0.033846
112,-3.003144,16.207172,0.216697,7.633398,2.038797,19.606398,1.675475,1.053506,0.489490,3.035032,54.413471,4.393173,34.800045,3.444511,2.574544,0.898351,6.903089,134.925385,4.492338,3.334729,9.038590,-0.217369,0.227960,0.125280,-6.439681,0.001677,1.000000,1.000000,0.033852
113,-2.947025,13.424444,0.222685,6.654141,2.019979,14.652184,1.641340,1.070346,0.490589,3.093753,41.203903,4.631322,61.514164,3.689778,2.634936,0.944346,7.108828,174.617691,4.492338,3.334729,9.038590,-0.304051,0.209850,0.080495,-6.339421,0.001665,1.000000,1.000000,0.033812
114,-3.072987,16.904785,0.172879,7.399976,1.978324,14.393477,1.614784,1.039166,0.475788,2.990957,38.798515,4.214068,87.539253,3.204309,2.579237,0.915594,7.000065,178.300278,4.492338,3.334729,9.038590,-0.132475,0.226553,0.108491,-6.491732,0.001653,1.000000,1.000000,0.033862
115,-2.961758,13.188552,0.207350,6.198571,1.982361,15.248798,1.601033,1.067750,0.475770,3.072039,38.336079,4.191431,67.089897,3.189899,2.549258,0.945476,6.919429,170.473907,4.492338,3.334729,9.038590,-0.127383,0.235543,0.079395,-6.338216,0.001642,1.000000,1.000000,0.033922
116,-3.072135,17.457092,0.178428,7.234948,1.972413,14.474585,1.615276,1.027366,0.475199,2.953416,37.772919,4.447636,98.251778,3.440929,2.666426,0.911946,7.479375,179.033081,4.492338,3.334729,9.038590,-0.216102,0.200407,0.112042,-6.501125,0.001630,1.000000,1.000000,0.034030
117,-3.062518,14.363486,0.184029,6.292027,1.994063,15.796716,1.626809,1.047858,0.481428,3.020295,39.528889,4.346066,76.939911,3.307403,2.647168,0.970503,7.172192,175.821167,4.492338,3.334729,9.038590,-0.168911,0.206182,0.055026,-6.493093,0.001618,1.000000,1.000000,0.033998
118,-3.113311,14.303246,0.160425,5.944177,1.970049,13.984511,1.616847,1.023550,0.468237,2.956661,38.135345,3.945878,29.609587,2.888409,2.541805,0.875371,6.817813,88.890762,4.492338,3.334729,9.038590,-0.020829,0.237778,0.147656,-6.547472,0.001606,1.000000,1.000000,0.033896
119,-3.085900,15.752105,0.165129,6.658916,1.941159,14.492342,1.580658,1.026542,0.464573,2.952852,40.552933,4.218505,12.993251,3.100894,2.710348,0.913376,7.362907,23.129360,4.492338,3.334729,9.038590,-0.095926,0.187236,0.110651,-6.502058,0.001595,1.000000,1.000000,0.033923
120,-3.084190,16.558457,0.164630,6.377302,1.940045,20.225096,1.581467,1.025118,0.460296,2.941069,55.299091,4.197273,14.487846,3.145433,2.626085,0.909412,7.069674,23.178856,4.492338,3.334729,9.038590,-0.111667,0.212504,0.114510,-6.497641,0.001583,1.000000,1.000000,0.033898
121,-3.076415,17.250171,0.176067,7.366425,1.952479,14.194929,1.596977,1.021950,0.466322,2.930441,38.384159,4.187831,50.077892,3.169331,2.590899,0.883467,6.938795,161.376984,4.492338,3.334729,9.038590,-0.120114,0.223056,0.139773,-6.504964,0.001571,1.000000,1.000000,0.033915
122,-3.152625,29.297364,0.127054,16.232895,1.903327,17.127203,1.547131,1.011099,0.454663,2.923944,38.746269,4.256159,100.477280,3.196997,2.647417,0.940893,7.423244,177.858078,4.492338,3.334729,9.038590,-0.129891,0.206107,0.083857,-6.559358,0.001559,1.000000,1.000000,0.033869
123,-3.125844,26.339018,0.138926,14.639831,1.894830,14.082467,1.529730,1.022225,0.453170,2.929971,35.824432,4.428848,99.445564,3.355408,2.751516,0.886054,7.629886,178.599609,4.492338,3.334729,9.038590,-0.185877,0.174891,0.137254,-6.529539,0.001547,1.000000,1.000000,0.034025
124,-3.224515,22.302209,0.097637,8.481730,1.880177,13.682172,1.528003,1.000266,0.446923,2.876435,38.289795,4.124044,85.988396,3.144480,2.523882,0.866027,6.833856,177.317886,4.492338,3.334729,9.038590,-0.111331,0.243152,0.156754,-6.644303,0.001535,1.000000,1.000000,0.034003
125,-3.205203,20.572634,0.114794,8.620313,1.901353,13.241047,1.554316,0.998674,0.449326,2.858968,37.092537,4.239947,22.341969,3.222141,2.612768,0.876585,6.975477,50.886616,4.492338,3.334729,9.038590,-0.138778,0.216498,0.146474,-6.639993,0.001523,1.000000,1.000000,0.033997
126,-3.178636,17.650949,0.125948,7.348588,1.896393,14.832385,1.544378,1.008484,0.440638,2.869408,41.805805,4.360749,65.169434,3.360027,2.621830,0.923229,7.088267,168.505508,4.492338,3.334729,9.038590,-0.187510,0.213780,0.101057,-6.609168,0.001511,1.000000,1.000000,0.033935
127,-3.177933,18.253838,0.118976,7.975643,1.880932,15.419276,1.519366,1.017134,0.441439,2.898297,38.772865,4.505610,55.667313,3.505879,2.673528,0.928215,7.237650,154.949402,4.492338,3.334729,9.038590,-0.239057,0.198277,0.096202,-6.593817,0.001498,1.000000,1.000000,0.034006
128,-3.282289,21.111550,0.068187,8.457313,1.837749,16.754519,1.493836,0.982130,0.425671,2.814715,45.658440,4.402302,29.300976,3.324415,2.728652,0.939672,7.381239,72.579208,4.492338,3.334729,9.038590,-0.174924,0.181747,0.085046,-6.700953,0.001486,1.000000,1.000000,0.034020
129,-3.254365,24.642887,0.092797,11.440639,1.857361,13.982688,1.517057,0.976414,0.441523,2.802776,37.484104,4.484972,105.005440,3.505647,2.639383,0.926858,7.125390,168.436630,4.492338,3.334729,9.038590,-0.238975,0.208517,0.097523,-6.694325,0.001474,1.000000,1.000000,0.034009
130,-3.238536,22.012611,0.081341,8.711920,1.829774,15.617176,1.485254,0.976952,0.433196,2.814149,36.011932,4.168079,92.781120,3.127488,2.610123,0.882587,7.051509,173.746155,4.492338,3.334729,9.038590,-0.105325,0.217291,0.140629,-6.639754,0.001462,1.000000,1.000000,0.034025
131,-3.261070,18.949631,0.070713,8.388656,1.818578,15.634928,1.467503,0.988530,0.420079,2.819675,39.967327,4.236455,69.834091,3.218577,2.611820,0.875619,7.042872,157.101257,4.492338,3.334729,9.038590,-0.137518,0.216782,0.147414,-6.663566,0.001449,1.000000,1.000000,0.034053
132,-3.245014,24.218711,0.071731,10.424200,1.827871,26.012159,1.483004,0.983810,0.417047,2.807272,38.525021,4.424974,90.239456,3.406788,2.664587,0.934967,7.317504,177.757721,4.492338,3.334729,9.038590,-0.204036,0.200958,0.089627,-6.633490,0.001437,1.000000,1.000000,0.034036
133,-3.281233,25.316321,0.055923,9.784538,1.789169,13.827928,1.436239,0.982293,0.416465,2.810930,37.177940,4.371364,92.855659,3.345846,2.650740,0.942187,7.198497,177.793625,4.492338,3.334729,9.038590,-0.182498,0.205111,0.082597,-6.674312,0.001425,1.000000,1.000000,0.034061
134,-3.251879,20.325038,0.082514,8.019617,1.821487,14.030740,1.480461,0.972666,0.424230,2.778968,39.734257,4.359380,99.335220,3.346867,2.631208,0.937771,7.131421,178.850571,4.492338,3.334729,9.038590,-0.182859,0.210968,0.086897,-6.668786,0.001413,1.000000,1.000000,0.034089
135,-3.304363,19.847298,0.052623,8.074936,1.798795,17.033180,1.464757,0.959489,0.411741,2.756568,40.442318,4.401220,74.579773,3.372802,2.677056,0.910118,7.234733,176.057220,4.492338,3.334729,9.038590,-0.192025,0.197219,0.113822,-6.713972,0.001400,1.000000,1.000000,0.034011
136,-3.361746,27.938841,0.029981,11.244347,1.770737,13.748306,1.426633,0.964315,0.412702,2.758233,36.525345,4.482296,95.627205,3.438917,2.713575,0.949388,7.320497,168.658310,4.492338,3.334729,9.038590,-0.215391,0.186268,0.075585,-6.783454,0.001388,1.000000,1.000000,0.034028
137,-3.354801,22.578389,0.026995,10.263486,1.750232,13.551695,1.408157,0.956300,0.407302,2.738392,36.474869,4.435817,72.609352,3.422786,2.664156,0.929125,7.123912,168.099579,4.492338,3.334729,9.038590,-0.209690,0.201088,0.095315,-6.763593,0.001375,1.000000,1.000000,0.034139
138,-3.294847,18.372193,0.057770,8.766646,1.781133,17.020388,1.440271,0.961482,0.416659,2.758297,42.562737,4.144033,71.300270,3.075173,2.627557,0.901255,7.213249,177.835175,4.492338,3.334729,9.038590,-0.086836,0.212063,0.122453,-6.705234,0.001363,1.000000,1.000000,0.034084
139,-3.347793,25.731918,0.017874,10.397101,1.734969,13.597724,1.384588,0.966516,0.398595,2.750984,35.056789,4.423873,100.825043,3.404351,2.669660,0.924096,7.251875,176.315765,4.492338,3.334729,9.038590,-0.203175,0.199437,0.100213,-6.731333,0.001350,1.000000,1.000000,0.034029
140,-3.408445,22.722646,-0.001764,10.428399,1.727924,14.978300,1.387870,0.947724,0.401690,2.710416,39.151848,4.747641,83.367813,3.778956,2.689473,1.013077,7.674408,178.215668,4.492338,3.334729,9.038590,-0.335569,0.193496,0.013572,-6.813361,0.001338,1.000000,1.000000,0.034103
141,-3.335462,23.402358,0.017090,10.577153,1.709866,13.045113,1.367159,0.948736,0.392962,2.700158,34.415028,4.437482,99.094765,3.407631,2.675861,0.958678,7.659927,177.333618,4.492338,3.334729,9.038590,-0.204334,0.197578,0.066540,-6.705104,0.001325,1.000000,1.000000,0.034012
142,-3.429671,32.302154,-0.017909,13.301848,1.710176,22.702496,1.366616,0.949300,0.394833,2.718552,37.734421,4.341866,91.625053,3.272559,2.689239,0.954022,7.569287,178.437271,4.492338,3.334729,9.038590,-0.156596,0.193566,0.071074,-6.823524,0.001313,1.000000,1.000000,0.034067
143,-3.462000,22.965048,-0.029878,9.724915,1.687875,15.244909,1.352250,0.930385,0.393352,2.670010,38.895565,4.485809,97.769081,3.496606,2.647785,0.940991,7.352115,176.779907,4.492338,3.334729,9.038590,-0.235780,0.205997,0.083762,-6.864244,0.001300,1.000000,1.000000,0.034061
144,-3.402000,30.164069,-0.009306,12.724441,1.683633,14.210007,1.343561,0.937447,0.388146,2.675702,37.930031,4.624586,98.366058,3.618556,2.711137,0.970871,7.489253,176.448517,4.492338,3.334729,9.038590,-0.278880,0.186999,0.054668,-6.785389,0.001288,1.000000,1.000000,0.034041
145,-3.526395,27.067598,-0.049511,11.296431,1.657263,14.729663,1.331797,0.909097,0.382597,2.588181,38.905209,4.355123,78.259796,3.369722,2.598510,0.927265,7.047803,176.579147,4.492338,3.334729,9.038590,-0.190936,0.220773,0.097127,-6.953767,0.001275,1.000000,1.000000,0.034074
146,-3.462858,27.571877,-0.043450,11.499079,1.641436,15.987210,1.297007,0.931598,0.379751,2.653961,38.592125,4.607240,67.781548,3.613045,2.701935,0.933869,7.248600,174.555405,4.492338,3.334729,9.038590,-0.276932,0.189759,0.090696,-6.838817,0.001263,1.000000,1.000000,0.034143
147,-3.501411,27.855017,-0.045569,11.745954,1.644872,14.900456,1.318449,0.904907,0.385276,2.597096,36.967766,4.337004,76.903656,3.336327,2.612216,0.924584,7.086243,176.701401,4.492338,3.334729,9.038590,-0.179134,0.216663,0.099738,-6.911684,0.001250,1.000000,1.000000,0.034098
148,-3.549953,31.192307,-0.069231,13.218539,1.656131,16.039158,1.325725,0.918710,0.375761,2.633803,37.693813,4.355184,95.585838,3.320671,2.661477,0.925912,7.295864,177.591156,4.492338,3.334729,9.038590,-0.173601,0.201891,0.098444,-6.961444,0.001238,1.000000,1.000000,0.034174
149,-3.446664,22.934169,-0.035466,10.216194,1.648088,13.612356,1.307776,0.930221,0.374977,2.647534,38.933689,4.309776,80.656906,3.248747,2.679490,0.916592,7.234970,167.207520,4.492338,3.334729,9.038590,-0.148181,0.196489,0.107519,-6.822395,0.001225,1.000000,1.000000,0.034203
150,-3.451969,23.384691,-0.032045,10.144348,1.676534,15.744188,1.348033,0.921313,0.380470,2.629587,40.270042,4.539182,95.116272,3.574919,2.633004,0.944150,7.370045,179.099289,4.492338,3.334729,9.038590,-0.263457,0.210429,0.080686,-6.839848,0.001213,1.000000,1.000000,0.034112
151,-3.570486,34.785649,-0.088329,13.600953,1.607237,13.980191,1.279103,0.900913,0.368052,2.576870,36.038330,4.516673,67.179337,3.476839,2.724013,0.944285,7.569859,177.028824,4.492338,3.334729,9.038590,-0.228794,0.183138,0.080555,-6.964313,0.001200,1.000000,1.000000,0.034125
152,-3.529556,26.046180,-0.068149,11.499510,1.625489,12.916586,1.300022,0.902780,0.370330,2.582661,34.150616,4.705639,101.582489,3.735104,2.694336,0.965703,7.472886,176.623917,4.492338,3.334729,9.038590,-0.320071,0.192037,0.059700,-6.922816,0.001187,1.000000,1.000000,0.034165
